-- =====================================================
-- 06 - SEEDS (DATOS INICIALES)
-- SGI - Sistema de Gestión Integral | Grupo Corban
-- SQL Server 2025
-- =====================================================
-- Ejecutar después de 05-indexes.sql
-- =====================================================

USE SGI_GrupoCorban;
GO

-- =====================================================
-- 1. NAVIERAS
-- =====================================================
PRINT '>> Insertando Navieras...';

IF NOT EXISTS (SELECT 1 FROM comercial.navieras WHERE codigo = 'MSC')
BEGIN
    INSERT INTO comercial.navieras (nombre, codigo, is_active)
    VALUES 
        ('Mediterranean Shipping Company', 'MSC', 1),
        ('Maersk Line', 'MAERSK', 1),
        ('CMA CGM', 'CMA', 1),
        ('Hapag-Lloyd', 'HAPAG', 1),
        ('COSCO Shipping', 'COSCO', 1),
        ('Evergreen Line', 'EVERGREEN', 1),
        ('ONE (Ocean Network Express)', 'ONE', 1),
        ('Yang Ming', 'YANGMING', 1),
        ('HMM (Hyundai Merchant Marine)', 'HMM', 1),
        ('ZIM Integrated Shipping', 'ZIM', 1);
    PRINT '✓ Navieras insertadas';
END
ELSE
    PRINT '⚠ Navieras ya existen';
GO

-- =====================================================
-- 2. INCOTERMS
-- =====================================================
PRINT '>> Insertando Incoterms...';

IF NOT EXISTS (SELECT 1 FROM core.incoterms WHERE nombre = 'EXW')
BEGIN
    INSERT INTO core.incoterms (nombre, nombre_largo, tipo, is_active)
    VALUES 
        ('EXW', 'Ex Works', 'Cualquier modo', 1),
        ('FCA', 'Free Carrier', 'Cualquier modo', 1),
        ('CPT', 'Carriage Paid To', 'Cualquier modo', 1),
        ('CIP', 'Carriage and Insurance Paid To', 'Cualquier modo', 1),
        ('DAP', 'Delivered at Place', 'Cualquier modo', 1),
        ('DPU', 'Delivered at Place Unloaded', 'Cualquier modo', 1),
        ('DDP', 'Delivered Duty Paid', 'Cualquier modo', 1),
        ('FAS', 'Free Alongside Ship', 'Marítimo', 1),
        ('FOB', 'Free on Board', 'Marítimo', 1),
        ('CFR', 'Cost and Freight', 'Marítimo', 1),
        ('CIF', 'Cost, Insurance and Freight', 'Marítimo', 1);
    PRINT '✓ Incoterms insertados';
END
ELSE
    PRINT '⚠ Incoterms ya existen';
GO

-- =====================================================
-- 3. TIPOS DE CONTENEDOR
-- =====================================================
PRINT '>> Insertando Tipos de Contenedor...';

IF NOT EXISTS (SELECT 1 FROM core.tipo_contenedor WHERE nombre = '20 DRY')
BEGIN
    INSERT INTO core.tipo_contenedor (nombre, descripcion, is_active)
    VALUES 
        ('20 DRY', 'Contenedor seco de 20 pies', 1),
        ('40 DRY', 'Contenedor seco de 40 pies', 1),
        ('40 HC', 'Contenedor High Cube de 40 pies', 1),
        ('20 RF', 'Contenedor refrigerado de 20 pies', 1),
        ('40 RF', 'Contenedor refrigerado de 40 pies', 1),
        ('20 OT', 'Contenedor Open Top de 20 pies', 1),
        ('40 OT', 'Contenedor Open Top de 40 pies', 1),
        ('20 FR', 'Contenedor Flat Rack de 20 pies', 1),
        ('40 FR', 'Contenedor Flat Rack de 40 pies', 1),
        ('20 TANK', 'Contenedor tanque de 20 pies', 1),
        ('LCL', 'Less than Container Load (Carga suelta)', 1);
    PRINT '✓ Tipos de Contenedor insertados';
END
ELSE
    PRINT '⚠ Tipos de Contenedor ya existen';
GO

-- =====================================================
-- 4. VÍAS DE TRANSPORTE
-- =====================================================
PRINT '>> Insertando Vías de Transporte...';

IF NOT EXISTS (SELECT 1 FROM core.via WHERE nombre = 'MARITIMO')
BEGIN
    INSERT INTO core.via (nombre, descripcion, is_active)
    VALUES 
        ('MARITIMO', 'Transporte marítimo', 1),
        ('AEREO', 'Transporte aéreo', 1),
        ('TERRESTRE', 'Transporte terrestre', 1),
        ('MULTIMODAL', 'Combinación de transportes', 1),
        ('COURIER', 'Servicio courier/express', 1);
    PRINT '✓ Vías de Transporte insertadas';
END
ELSE
    PRINT '⚠ Vías de Transporte ya existen';
GO

-- =====================================================
-- 5. TIPOS DE MERCADERÍA
-- =====================================================
PRINT '>> Insertando Tipos de Mercadería...';

IF NOT EXISTS (SELECT 1 FROM core.tipo_mercaderia WHERE nombre = 'GENERAL')
BEGIN
    INSERT INTO core.tipo_mercaderia (nombre, descripcion, is_active)
    VALUES 
        ('GENERAL', 'Carga general', 1),
        ('PELIGROSA', 'Mercancías peligrosas (IMO)', 1),
        ('REFRIGERADA', 'Carga refrigerada/congelada', 1),
        ('SOBREDIMENSIONADA', 'Carga de dimensiones especiales', 1),
        ('GRANEL', 'Carga a granel', 1),
        ('LIQUIDA', 'Carga líquida', 1),
        ('FRAGIL', 'Mercadería frágil', 1),
        ('PERECEDERA', 'Productos perecederos', 1);
    PRINT '✓ Tipos de Mercadería insertados';
END
ELSE
    PRINT '⚠ Tipos de Mercadería ya existen';
GO

-- =====================================================
-- 6. SERVICIOS
-- =====================================================
PRINT '>> Insertando Servicios...';

IF NOT EXISTS (SELECT 1 FROM core.servicios WHERE nombre = 'FLETE MARITIMO')
BEGIN
    INSERT INTO core.servicios (nombre, descripcion, is_active)
    VALUES 
        ('FLETE MARITIMO', 'Transporte marítimo internacional', 1),
        ('FLETE AEREO', 'Transporte aéreo internacional', 1),
        ('AGENCIAMIENTO ADUANAS', 'Despacho aduanero de importación/exportación', 1),
        ('SEGURO CARGA', 'Seguro de transporte de mercancías', 1),
        ('ALMACENAJE', 'Servicio de almacenamiento', 1),
        ('TRANSPORTE LOCAL', 'Transporte terrestre local', 1),
        ('HANDLING', 'Manipuleo de carga', 1),
        ('CONSOLIDACION', 'Consolidación de carga LCL', 1),
        ('DESCONSOLIDACION', 'Desconsolidación de carga LCL', 1),
        ('COURIER', 'Servicio courier internacional', 1),
        ('DOCUMENTACION', 'Gestión documentaria', 1),
        ('ASESORIA COMERCIO EXTERIOR', 'Consultoría en comercio exterior', 1);
    PRINT '✓ Servicios insertados';
END
ELSE
    PRINT '⚠ Servicios ya existen';
GO

-- =====================================================
-- 7. ROLES DEL SISTEMA
-- =====================================================
PRINT '>> Insertando Roles...';

IF NOT EXISTS (SELECT 1 FROM seg.roles WHERE nombre = 'ADMIN')
BEGIN
    INSERT INTO seg.roles (nombre, descripcion, is_active)
    VALUES 
        ('ADMIN', 'Administrador del sistema con acceso total', 1),
        ('GERENCIA', 'Gerencia general', 1),
        ('JEFE_COMERCIAL', 'Jefatura del departamento comercial', 1),
        ('PRICING', 'Área de cotizaciones y negociación con navieras', 1),
        ('COMERCIAL', 'Ejecutivo comercial / Ventas', 1),
        ('OPERACIONES', 'Personal de operaciones', 1),
        ('RRHH', 'Recursos Humanos', 1),
        ('SISTEMAS', 'Área de Tecnología', 1);
    PRINT '✓ Roles insertados';
END
ELSE
    PRINT '⚠ Roles ya existen';
GO

-- =====================================================
-- 8. PERMISOS BASE
-- =====================================================
PRINT '>> Insertando Permisos...';

IF NOT EXISTS (SELECT 1 FROM seg.permisos WHERE nombre_tecnico = 'comercial.cotizaciones.ver')
BEGIN
    INSERT INTO seg.permisos (nombre_tecnico, nombre_display, modulo, descripcion, is_active)
    VALUES 
        -- Módulo Comercial
        ('comercial.cotizaciones.ver', 'Ver Cotizaciones', 'Comercial', 'Permite ver el listado de cotizaciones', 1),
        ('comercial.cotizaciones.crear', 'Crear Cotizaciones', 'Comercial', 'Permite crear nuevas cotizaciones', 1),
        ('comercial.cotizaciones.editar', 'Editar Cotizaciones', 'Comercial', 'Permite editar cotizaciones existentes', 1),
        ('comercial.cotizaciones.aprobar', 'Aprobar/Rechazar Cotizaciones', 'Comercial', 'Permite aprobar o rechazar cotizaciones', 1),
        ('comercial.clientes.ver', 'Ver Clientes', 'Comercial', 'Permite ver el listado de clientes', 1),
        ('comercial.clientes.crear', 'Crear Clientes', 'Comercial', 'Permite crear nuevos clientes', 1),
        ('comercial.clientes.editar', 'Editar Clientes', 'Comercial', 'Permite editar clientes existentes', 1),
        ('comercial.leads.ver', 'Ver Leads', 'Comercial', 'Permite ver leads asignados', 1),
        ('comercial.leads.extraer', 'Extraer Leads', 'Comercial', 'Permite extraer nuevos leads de la base', 1),
        ('comercial.leads.feedback', 'Registrar Feedback', 'Comercial', 'Permite registrar feedback de llamadas', 1),
        ('comercial.archivos_leads.subir', 'Subir Archivos de Leads', 'Comercial', 'Permite subir archivos Excel de leads', 1),
        
        -- Módulo RRHH
        ('rrhh.empleados.ver', 'Ver Empleados', 'RRHH', 'Permite ver el listado de empleados', 1),
        ('rrhh.empleados.crear', 'Crear Empleados', 'RRHH', 'Permite crear nuevos empleados', 1),
        ('rrhh.empleados.editar', 'Editar Empleados', 'RRHH', 'Permite editar empleados existentes', 1),
        ('rrhh.estructura.ver', 'Ver Estructura Organizacional', 'RRHH', 'Permite ver departamentos, áreas y cargos', 1),
        ('rrhh.estructura.gestionar', 'Gestionar Estructura', 'RRHH', 'Permite crear/editar departamentos, áreas y cargos', 1),
        
        -- Módulo Seguridad
        ('seg.usuarios.ver', 'Ver Usuarios', 'Seguridad', 'Permite ver el listado de usuarios', 1),
        ('seg.usuarios.gestionar', 'Gestionar Usuarios', 'Seguridad', 'Permite crear/editar/desactivar usuarios', 1),
        ('seg.roles.gestionar', 'Gestionar Roles', 'Seguridad', 'Permite administrar roles y permisos', 1),
        
        -- Módulo Configuración
        ('config.sistema.ver', 'Ver Configuraciones', 'Configuración', 'Permite ver configuraciones del sistema', 1),
        ('config.sistema.editar', 'Editar Configuraciones', 'Configuración', 'Permite modificar configuraciones del sistema', 1);
    PRINT '✓ Permisos insertados';
END
ELSE
    PRINT '⚠ Permisos ya existen';
GO

-- =====================================================
-- 9. DEPARTAMENTOS
-- =====================================================
PRINT '>> Insertando Departamentos...';
IF NOT EXISTS (SELECT 1 FROM adm.departamentos WHERE nombre = 'Administración')
BEGIN
    INSERT INTO adm.departamentos (nombre, descripcion, is_active)
    VALUES 
        ('Administración', 'Departamento de Administración', 1);
    PRINT '✓ Departamentos insertados';
END
ELSE
    PRINT '⚠ Departamentos ya existen';
GO

-- =====================================================
-- 9. AREAS
-- =====================================================
PRINT '>> Insertando Areas...';
IF NOT EXISTS (SELECT 1 FROM adm.areas WHERE nombre = 'Administración General')
BEGIN
    INSERT INTO adm.areas (nombre, departamento_id, descripcion, is_active)
    VALUES 
        ('Administración General', 1, 'Departamento de Administración General', 1);
    PRINT '✓ Areas insertadas';
END
ELSE
    PRINT '⚠ Areas ya existen';
GO

-- =====================================================
-- 10. CARGOS
-- =====================================================
PRINT '>> Insertando Cargos...';
IF NOT EXISTS (SELECT 1 FROM adm.cargos WHERE nombre = 'Administrador')
BEGIN
    INSERT INTO adm.cargos (nombre, area_id, descripcion, is_active)
    VALUES 
        ('Administrador', 1, 'Cargo de Administrador', 1);
    PRINT '✓ Cargos insertados';
END
ELSE
    PRINT '⚠ Cargos ya existen';
GO

-- =====================================================
-- 1. DEPARTAMENTOS (25 registros)
-- =====================================================
PRINT '>> Insertando Departamentos...';

SET IDENTITY_INSERT core.departamentos ON;
GO

INSERT INTO core.departamentos (id, nombre, ubigeo)
VALUES
    (1, 'AMAZONAS', '01'),
    (2, 'ANCASH', '02'),
    (3, 'APURIMAC', '03'),
    (4, 'AREQUIPA', '04'),
    (5, 'AYACUCHO', '05'),
    (6, 'CAJAMARCA', '06'),
    (7, 'CALLAO', '07'),
    (8, 'CUSCO', '08'),
    (9, 'HUANCAVELICA', '09'),
    (10, 'HUANUCO', '10'),
    (11, 'ICA', '11'),
    (12, 'JUNIN', '12'),
    (13, 'LA LIBERTAD', '13'),
    (14, 'LAMBAYEQUE', '14'),
    (15, 'LIMA', '15'),
    (16, 'LORETO', '16'),
    (17, 'MADRE DE DIOS', '17'),
    (18, 'MOQUEGUA', '18'),
    (19, 'PASCO', '19'),
    (20, 'PIURA', '20'),
    (21, 'PUNO', '21'),
    (22, 'SAN MARTIN', '22'),
    (23, 'TACNA', '23'),
    (24, 'TUMBES', '24'),
    (25, 'UCAYALI', '25');
GO

SET IDENTITY_INSERT core.departamentos OFF;
GO


PRINT '✓ Departamentos insertados';
GO

-- =====================================================
-- 2. PROVINCIAS (196 registros)
-- =====================================================
PRINT '>> Insertando Provincias...';

SET IDENTITY_INSERT core.provincias ON;
GO

INSERT INTO core.provincias (id, nombre, departamento_id, ubigeo)
VALUES
    (1, 'CHACHAPOYAS', 1, '0101'),
    (2, 'BAGUA', 1, '0102'),
    (3, 'BONGARA', 1, '0103'),
    (4, 'CONDORCANQUI', 1, '0104'),
    (5, 'LUYA', 1, '0105'),
    (6, 'RODRIGUEZ DE MENDOZA', 1, '0106'),
    (7, 'UTCUBAMBA', 1, '0107'),
    (8, 'HUARAZ', 2, '0201'),
    (9, 'AIJA', 2, '0202'),
    (10, 'ANTONIO RAYMONDI', 2, '0203'),
    (11, 'ASUNCION', 2, '0204'),
    (12, 'BOLOGNESI', 2, '0205'),
    (13, 'CARHUAZ', 2, '0206'),
    (14, 'CARLOS FERMIN FITZCARRALD', 2, '0207'),
    (15, 'CASMA', 2, '0208'),
    (16, 'CORONGO', 2, '0209'),
    (17, 'HUARI', 2, '0210'),
    (18, 'HUARMEY', 2, '0211'),
    (19, 'HUAYLAS', 2, '0212'),
    (20, 'MARISCAL LUZURIAGA', 2, '0213'),
    (21, 'OCROS', 2, '0214'),
    (22, 'PALLASCA', 2, '0215'),
    (23, 'POMABAMBA', 2, '0216'),
    (24, 'RECUAY', 2, '0217'),
    (25, 'SANTA', 2, '0218'),
    (26, 'SIHUAS', 2, '0219'),
    (27, 'YUNGAY', 2, '0220'),
    (28, 'ABANCAY', 3, '0301'),
    (29, 'ANDAHUAYLAS', 3, '0302'),
    (30, 'ANTABAMBA', 3, '0303'),
    (31, 'AYMARAES', 3, '0304'),
    (32, 'COTABAMBAS', 3, '0305'),
    (33, 'CHINCHEROS', 3, '0306'),
    (34, 'GRAU', 3, '0307'),
    (35, 'AREQUIPA', 4, '0401'),
    (36, 'CAMANA', 4, '0402'),
    (37, 'CARAVELI', 4, '0403'),
    (38, 'CASTILLA', 4, '0404'),
    (39, 'CAYLLOMA', 4, '0405'),
    (40, 'CONDESUYOS', 4, '0406'),
    (41, 'ISLAY', 4, '0407'),
    (42, 'LA UNION', 4, '0408'),
    (43, 'HUAMANGA', 5, '0501'),
    (44, 'CANGALLO', 5, '0502'),
    (45, 'HUANCA SANCOS', 5, '0503'),
    (46, 'HUANTA', 5, '0504'),
    (47, 'LA MAR', 5, '0505'),
    (48, 'LUCANAS', 5, '0506'),
    (49, 'PARINACOCHAS', 5, '0507'),
    (50, 'PAUCAR DEL SARA SARA', 5, '0508'),
    (51, 'SUCRE', 5, '0509'),
    (52, 'VICTOR FAJARDO', 5, '0510'),
    (53, 'VILCAS HUAMAN', 5, '0511'),
    (54, 'CAJAMARCA', 6, '0601'),
    (55, 'CAJABAMBA', 6, '0602'),
    (56, 'CELENDIN', 6, '0603'),
    (57, 'CHOTA', 6, '0604'),
    (58, 'CONTUMAZA', 6, '0605'),
    (59, 'CUTERVO', 6, '0606'),
    (60, 'HUALGAYOC', 6, '0607'),
    (61, 'JAEN', 6, '0608'),
    (62, 'SAN IGNACIO', 6, '0609'),
    (63, 'SAN MARCOS', 6, '0610'),
    (64, 'SAN MIGUEL', 6, '0611'),
    (65, 'SAN PABLO', 6, '0612'),
    (66, 'SANTA CRUZ', 6, '0613'),
    (67, 'CALLAO', 7, '0701'),
    (68, 'CUSCO', 8, '0801'),
    (69, 'ACOMAYO', 8, '0802'),
    (70, 'ANTA', 8, '0803'),
    (71, 'CALCA', 8, '0804'),
    (72, 'CANAS', 8, '0805'),
    (73, 'CANCHIS', 8, '0806'),
    (74, 'CHUMBIVILCAS', 8, '0807'),
    (75, 'ESPINAR', 8, '0808'),
    (76, 'LA CONVENCION', 8, '0809'),
    (77, 'PARURO', 8, '0810'),
    (78, 'PAUCARTAMBO', 8, '0811'),
    (79, 'QUISPICANCHI', 8, '0812'),
    (80, 'URUBAMBA', 8, '0813'),
    (81, 'HUANCAVELICA', 9, '0901'),
    (82, 'ACOBAMBA', 9, '0902'),
    (83, 'ANGARAES', 9, '0903'),
    (84, 'CASTROVIRREYNA', 9, '0904'),
    (85, 'CHURCAMPA', 9, '0905'),
    (86, 'HUAYTARA', 9, '0906'),
    (87, 'TAYACAJA', 9, '0907'),
    (88, 'HUANUCO', 10, '1001'),
    (89, 'AMBO', 10, '1002'),
    (90, 'DOS DE MAYO', 10, '1003'),
    (91, 'HUACAYBAMBA', 10, '1004'),
    (92, 'HUAMALIES', 10, '1005'),
    (93, 'LEONCIO PRADO', 10, '1006'),
    (94, 'MARAÑON', 10, '1007'),
    (95, 'PACHITEA', 10, '1008'),
    (96, 'PUERTO INCA', 10, '1009'),
    (97, 'LAURICOCHA', 10, '1010'),
    (98, 'YAROWILCA', 10, '1011'),
    (99, 'ICA', 11, '1101'),
    (100, 'CHINCHA', 11, '1102');
GO

INSERT INTO core.provincias (id, nombre, departamento_id, ubigeo)
VALUES
    (101, 'NAZCA', 11, '1103'),
    (102, 'PALPA', 11, '1104'),
    (103, 'PISCO', 11, '1105'),
    (104, 'HUANCAYO', 12, '1201'),
    (105, 'CONCEPCION', 12, '1202'),
    (106, 'CHANCHAMAYO', 12, '1203'),
    (107, 'JAUJA', 12, '1204'),
    (108, 'JUNIN', 12, '1205'),
    (109, 'SATIPO', 12, '1206'),
    (110, 'TARMA', 12, '1207'),
    (111, 'YAULI', 12, '1208'),
    (112, 'CHUPACA', 12, '1209'),
    (113, 'TRUJILLO', 13, '1301'),
    (114, 'ASCOPE', 13, '1302'),
    (115, 'BOLIVAR', 13, '1303'),
    (116, 'CHEPEN', 13, '1304'),
    (117, 'JULCAN', 13, '1305'),
    (118, 'OTUZCO', 13, '1306'),
    (119, 'PACASMAYO', 13, '1307'),
    (120, 'PATAZ', 13, '1308'),
    (121, 'SANCHEZ CARRION', 13, '1309'),
    (122, 'SANTIAGO DE CHUCO', 13, '1310'),
    (123, 'GRAN CHIMU', 13, '1311'),
    (124, 'VIRU', 13, '1312'),
    (125, 'CHICLAYO', 14, '1401'),
    (126, 'FERREÑAFE', 14, '1402'),
    (127, 'LAMBAYEQUE', 14, '1403'),
    (128, 'LIMA', 15, '1501'),
    (129, 'BARRANCA', 15, '1502'),
    (130, 'CAJATAMBO', 15, '1503'),
    (131, 'CANTA', 15, '1504'),
    (132, 'CAÑETE', 15, '1505'),
    (133, 'HUARAL', 15, '1506'),
    (134, 'HUAROCHIRI', 15, '1507'),
    (135, 'HUAURA', 15, '1508'),
    (136, 'OYON', 15, '1509'),
    (137, 'YAUYOS', 15, '1510'),
    (138, 'MAYNAS', 16, '1601'),
    (139, 'ALTO AMAZONAS', 16, '1602'),
    (140, 'LORETO', 16, '1603'),
    (141, 'MARISCAL RAMON CASTILLA', 16, '1604'),
    (142, 'REQUENA', 16, '1605'),
    (143, 'UCAYALI', 16, '1606'),
    (144, 'DATEM DEL MARAÑON', 16, '1607'),
    (145, 'PUTUMAYO', 16, '1608'),
    (146, 'TAMBOPATA', 17, '1701'),
    (147, 'MANU', 17, '1702'),
    (148, 'TAHUAMANU', 17, '1703'),
    (149, 'MARISCAL NIETO', 18, '1801'),
    (150, 'GENERAL SANCHEZ CERRO', 18, '1802'),
    (151, 'ILO', 18, '1803'),
    (152, 'PASCO', 19, '1901'),
    (153, 'DANIEL ALCIDES CARRION', 19, '1902'),
    (154, 'OXAPAMPA', 19, '1903'),
    (155, 'PIURA', 20, '2001'),
    (156, 'AYABACA', 20, '2002'),
    (157, 'HUANCABAMBA', 20, '2003'),
    (158, 'MORROPON', 20, '2004'),
    (159, 'PAITA', 20, '2005'),
    (160, 'SULLANA', 20, '2006'),
    (161, 'TALARA', 20, '2007'),
    (162, 'SECHURA', 20, '2008'),
    (163, 'PUNO', 21, '2101'),
    (164, 'AZANGARO', 21, '2102'),
    (165, 'CARABAYA', 21, '2103'),
    (166, 'CHUCUITO', 21, '2104'),
    (167, 'EL COLLAO', 21, '2105'),
    (168, 'HUANCANE', 21, '2106'),
    (169, 'LAMPA', 21, '2107'),
    (170, 'MELGAR', 21, '2108'),
    (171, 'MOHO', 21, '2109'),
    (172, 'SAN ANTONIO DE PUTINA', 21, '2110'),
    (173, 'SAN ROMAN', 21, '2111'),
    (174, 'SANDIA', 21, '2112'),
    (175, 'YUNGUYO', 21, '2113'),
    (176, 'MOYOBAMBA', 22, '2201'),
    (177, 'BELLAVISTA', 22, '2202'),
    (178, 'EL DORADO', 22, '2203'),
    (179, 'HUALLAGA', 22, '2204'),
    (180, 'LAMAS', 22, '2205'),
    (181, 'MARISCAL CACERES', 22, '2206'),
    (182, 'PICOTA', 22, '2207'),
    (183, 'RIOJA', 22, '2208'),
    (184, 'SAN MARTIN', 22, '2209'),
    (185, 'TOCACHE', 22, '2210'),
    (186, 'TACNA', 23, '2301'),
    (187, 'CANDARAVE', 23, '2302'),
    (188, 'JORGE BASADRE', 23, '2303'),
    (189, 'TARATA', 23, '2304'),
    (190, 'TUMBES', 24, '2401'),
    (191, 'CONTRALMIRANTE VILLAR', 24, '2402'),
    (192, 'ZARUMILLA', 24, '2403'),
    (193, 'CORONEL PORTILLO', 25, '2501'),
    (194, 'ATALAYA', 25, '2502'),
    (195, 'PADRE ABAD', 25, '2503'),
    (196, 'PURUS', 25, '2504');
GO

SET IDENTITY_INSERT core.provincias OFF;
GO


PRINT '✓ Provincias insertadas';
GO

-- =====================================================
-- 3. DISTRITOS (1892 registros)
-- =====================================================
PRINT '>> Insertando Distritos...';

SET IDENTITY_INSERT core.distritos ON;
GO

INSERT INTO core.distritos (id, nombre, provincia_id, ubigeo)
VALUES
    (1, 'CHACHAPOYAS', 1, '010101'),
    (2, 'ASUNCION', 1, '010102'),
    (3, 'BALSAS', 1, '010103'),
    (4, 'CHETO', 1, '010104'),
    (5, 'CHILIQUIN', 1, '010105'),
    (6, 'CHUQUIBAMBA', 1, '010106'),
    (7, 'GRANADA', 1, '010107'),
    (8, 'HUANCAS', 1, '010108'),
    (9, 'LA JALCA', 1, '010109'),
    (10, 'LEIMEBAMBA', 1, '010110'),
    (11, 'LEVANTO', 1, '010111'),
    (12, 'MAGDALENA', 1, '010112'),
    (13, 'MARISCAL CASTILLA', 1, '010113'),
    (14, 'MOLINOPAMPA', 1, '010114'),
    (15, 'MONTEVIDEO', 1, '010115'),
    (16, 'OLLEROS', 1, '010116'),
    (17, 'QUINJALCA', 1, '010117'),
    (18, 'SAN FRANCISCO DE DAGUAS', 1, '010118'),
    (19, 'SAN ISIDRO DE MAINO', 1, '010119'),
    (20, 'SOLOCO', 1, '010120'),
    (21, 'SONCHE', 1, '010121'),
    (22, 'BAGUA', 2, '010201'),
    (23, 'ARAMANGO', 2, '010202'),
    (24, 'COPALLIN', 2, '010203'),
    (25, 'EL PARCO', 2, '010204'),
    (26, 'IMAZA', 2, '010205'),
    (27, 'LA PECA', 2, '010206'),
    (28, 'JUMBILLA', 3, '010301'),
    (29, 'CHISQUILLA', 3, '010302'),
    (30, 'CHURUJA', 3, '010303'),
    (31, 'COROSHA', 3, '010304'),
    (32, 'CUISPES', 3, '010305'),
    (33, 'FLORIDA', 3, '010306'),
    (34, 'JAZAN', 3, '010307'),
    (35, 'RECTA', 3, '010308'),
    (36, 'SAN CARLOS', 3, '010309'),
    (37, 'SHIPASBAMBA', 3, '010310'),
    (38, 'VALERA', 3, '010311'),
    (39, 'YAMBRASBAMBA', 3, '010312'),
    (40, 'NIEVA', 4, '010401'),
    (41, 'EL CENEPA', 4, '010402'),
    (42, 'RIO SANTIAGO', 4, '010403'),
    (43, 'LAMUD', 5, '010501'),
    (44, 'CAMPORREDONDO', 5, '010502'),
    (45, 'COCABAMBA', 5, '010503'),
    (46, 'COLCAMAR', 5, '010504'),
    (47, 'CONILA', 5, '010505'),
    (48, 'INGUILPATA', 5, '010506'),
    (49, 'LONGUITA', 5, '010507'),
    (50, 'LONYA CHICO', 5, '010508'),
    (51, 'LUYA', 5, '010509'),
    (52, 'LUYA VIEJO', 5, '010510'),
    (53, 'MARIA', 5, '010511'),
    (54, 'OCALLI', 5, '010512'),
    (55, 'OCUMAL', 5, '010513'),
    (56, 'PISUQUIA', 5, '010514'),
    (57, 'PROVIDENCIA', 5, '010515'),
    (58, 'SAN CRISTOBAL', 5, '010516'),
    (59, 'SAN FRANCISCO DEL YESO', 5, '010517'),
    (60, 'SAN JERONIMO', 5, '010518'),
    (61, 'SAN JUAN DE LOPECANCHA', 5, '010519'),
    (62, 'SANTA CATALINA', 5, '010520'),
    (63, 'SANTO TOMAS', 5, '010521'),
    (64, 'TINGO', 5, '010522'),
    (65, 'TRITA', 5, '010523'),
    (66, 'SAN NICOLAS', 6, '010601'),
    (67, 'CHIRIMOTO', 6, '010602'),
    (68, 'COCHAMAL', 6, '010603'),
    (69, 'HUAMBO', 6, '010604'),
    (70, 'LIMABAMBA', 6, '010605'),
    (71, 'LONGAR', 6, '010606'),
    (72, 'MARISCAL BENAVIDES', 6, '010607'),
    (73, 'MILPUC', 6, '010608'),
    (74, 'OMIA', 6, '010609'),
    (75, 'SANTA ROSA', 6, '010610'),
    (76, 'TOTORA', 6, '010611'),
    (77, 'VISTA ALEGRE', 6, '010612'),
    (78, 'BAGUA GRANDE', 7, '010701'),
    (79, 'CAJARURO', 7, '010702'),
    (80, 'CUMBA', 7, '010703'),
    (81, 'EL MILAGRO', 7, '010704'),
    (82, 'JAMALCA', 7, '010705'),
    (83, 'LONYA GRANDE', 7, '010706'),
    (84, 'YAMON', 7, '010707'),
    (85, 'HUARAZ', 8, '020101'),
    (86, 'COCHABAMBA', 8, '020102'),
    (87, 'COLCABAMBA', 8, '020103'),
    (88, 'HUANCHAY', 8, '020104'),
    (89, 'INDEPENDENCIA', 8, '020105'),
    (90, 'JANGAS', 8, '020106'),
    (91, 'LA LIBERTAD', 8, '020107'),
    (92, 'OLLEROS', 8, '020108'),
    (93, 'PAMPAS', 8, '020109'),
    (94, 'PARIACOTO', 8, '020110'),
    (95, 'PIRA', 8, '020111'),
    (96, 'TARICA', 8, '020112'),
    (97, 'AIJA', 9, '020201'),
    (98, 'CORIS', 9, '020202'),
    (99, 'HUACLLAN', 9, '020203'),
    (100, 'LA MERCED', 9, '020204');
GO

INSERT INTO core.distritos (id, nombre, provincia_id, ubigeo)
VALUES
    (101, 'SUCCHA', 9, '020205'),
    (102, 'LLAMELLIN', 10, '020301'),
    (103, 'ACZO', 10, '020302'),
    (104, 'CHACCHO', 10, '020303'),
    (105, 'CHINGAS', 10, '020304'),
    (106, 'MIRGAS', 10, '020305'),
    (107, 'SAN JUAN DE RONTOY', 10, '020306'),
    (108, 'CHACAS', 11, '020401'),
    (109, 'ACOCHACA', 11, '020402'),
    (110, 'CHIQUIAN', 12, '020501'),
    (111, 'ABELARDO PARDO LEZAMETA', 12, '020502'),
    (112, 'ANTONIO RAYMONDI', 12, '020503'),
    (113, 'AQUIA', 12, '020504'),
    (114, 'CAJACAY', 12, '020505'),
    (115, 'CANIS', 12, '020506'),
    (116, 'COLQUIOC', 12, '020507'),
    (117, 'HUALLANCA', 12, '020508'),
    (118, 'HUASTA', 12, '020509'),
    (119, 'HUAYLLACAYAN', 12, '020510'),
    (120, 'LA PRIMAVERA', 12, '020511'),
    (121, 'MANGAS', 12, '020512'),
    (122, 'PACLLON', 12, '020513'),
    (123, 'SAN MIGUEL DE CORPANQUI', 12, '020514'),
    (124, 'TICLLOS', 12, '020515'),
    (125, 'CARHUAZ', 13, '020601'),
    (126, 'ACOPAMPA', 13, '020602'),
    (127, 'AMASHCA', 13, '020603'),
    (128, 'ANTA', 13, '020604'),
    (129, 'ATAQUERO', 13, '020605'),
    (130, 'MARCARA', 13, '020606'),
    (131, 'PARIAHUANCA', 13, '020607'),
    (132, 'SAN MIGUEL DE ACO', 13, '020608'),
    (133, 'SHILLA', 13, '020609'),
    (134, 'TINCO', 13, '020610'),
    (135, 'YUNGAR', 13, '020611'),
    (136, 'SAN LUIS', 14, '020701'),
    (137, 'SAN NICOLAS', 14, '020702'),
    (138, 'YAUYA', 14, '020703'),
    (139, 'CASMA', 15, '020801'),
    (140, 'BUENA VISTA ALTA', 15, '020802'),
    (141, 'COMANDANTE NOEL', 15, '020803'),
    (142, 'YAUTAN', 15, '020804'),
    (143, 'CORONGO', 16, '020901'),
    (144, 'ACO', 16, '020902'),
    (145, 'BAMBAS', 16, '020903'),
    (146, 'CUSCA', 16, '020904'),
    (147, 'LA PAMPA', 16, '020905'),
    (148, 'YANAC', 16, '020906'),
    (149, 'YUPAN', 16, '020907'),
    (150, 'HUARI', 17, '021001'),
    (151, 'ANRA', 17, '021002'),
    (152, 'CAJAY', 17, '021003'),
    (153, 'CHAVIN DE HUANTAR', 17, '021004'),
    (154, 'HUACACHI', 17, '021005'),
    (155, 'HUACCHIS', 17, '021006'),
    (156, 'HUACHIS', 17, '021007'),
    (157, 'HUANTAR', 17, '021008'),
    (158, 'MASIN', 17, '021009'),
    (159, 'PAUCAS', 17, '021010'),
    (160, 'PONTO', 17, '021011'),
    (161, 'RAHUAPAMPA', 17, '021012'),
    (162, 'RAPAYAN', 17, '021013'),
    (163, 'SAN MARCOS', 17, '021014'),
    (164, 'SAN PEDRO DE CHANA', 17, '021015'),
    (165, 'UCO', 17, '021016'),
    (166, 'HUARMEY', 18, '021101'),
    (167, 'COCHAPETI', 18, '021102'),
    (168, 'CULEBRAS', 18, '021103'),
    (169, 'HUAYAN', 18, '021104'),
    (170, 'MALVAS', 18, '021105'),
    (171, 'CARAZ', 19, '021201'),
    (172, 'HUALLANCA', 19, '021202'),
    (173, 'HUATA', 19, '021203'),
    (174, 'HUAYLAS', 19, '021204'),
    (175, 'MATO', 19, '021205'),
    (176, 'PAMPAROMAS', 19, '021206'),
    (177, 'PUEBLO LIBRE', 19, '021207'),
    (178, 'SANTA CRUZ', 19, '021208'),
    (179, 'SANTO TORIBIO', 19, '021209'),
    (180, 'YURACMARCA', 19, '021210'),
    (181, 'PISCOBAMBA', 20, '021301'),
    (182, 'CASCA', 20, '021302'),
    (183, 'ELEAZAR GUZMAN BARRON', 20, '021303'),
    (184, 'FIDEL OLIVAS ESCUDERO', 20, '021304'),
    (185, 'LLAMA', 20, '021305'),
    (186, 'LLUMPA', 20, '021306'),
    (187, 'LUCMA', 20, '021307'),
    (188, 'MUSGA', 20, '021308'),
    (189, 'OCROS', 21, '021401'),
    (190, 'ACAS', 21, '021402'),
    (191, 'CAJAMARQUILLA', 21, '021403'),
    (192, 'CARHUAPAMPA', 21, '021404'),
    (193, 'COCHAS', 21, '021405'),
    (194, 'CONGAS', 21, '021406'),
    (195, 'LLIPA', 21, '021407'),
    (196, 'SAN CRISTOBAL DE RAJAN', 21, '021408'),
    (197, 'SAN PEDRO', 21, '021409'),
    (198, 'SANTIAGO DE CHILCAS', 21, '021410'),
    (199, 'CABANA', 22, '021501'),
    (200, 'BOLOGNESI', 22, '021502');
GO

INSERT INTO core.distritos (id, nombre, provincia_id, ubigeo)
VALUES
    (201, 'CONCHUCOS', 22, '021503'),
    (202, 'HUACASCHUQUE', 22, '021504'),
    (203, 'HUANDOVAL', 22, '021505'),
    (204, 'LACABAMBA', 22, '021506'),
    (205, 'LLAPO', 22, '021507'),
    (206, 'PALLASCA', 22, '021508'),
    (207, 'PAMPAS', 22, '021509'),
    (208, 'SANTA ROSA', 22, '021510'),
    (209, 'TAUCA', 22, '021511'),
    (210, 'POMABAMBA', 23, '021601'),
    (211, 'HUAYLLAN', 23, '021602'),
    (212, 'PAROBAMBA', 23, '021603'),
    (213, 'QUINUABAMBA', 23, '021604'),
    (214, 'RECUAY', 24, '021701'),
    (215, 'CATAC', 24, '021702'),
    (216, 'COTAPARACO', 24, '021703'),
    (217, 'HUAYLLAPAMPA', 24, '021704'),
    (218, 'LLACLLIN', 24, '021705'),
    (219, 'MARCA', 24, '021706'),
    (220, 'PAMPAS CHICO', 24, '021707'),
    (221, 'PARARIN', 24, '021708'),
    (222, 'TAPACOCHA', 24, '021709'),
    (223, 'TICAPAMPA', 24, '021710'),
    (224, 'CHIMBOTE', 25, '021801'),
    (225, 'CACERES DEL PERU', 25, '021802'),
    (226, 'COISHCO', 25, '021803'),
    (227, 'MACATE', 25, '021804'),
    (228, 'MORO', 25, '021805'),
    (229, 'NEPEÑA', 25, '021806'),
    (230, 'SAMANCO', 25, '021807'),
    (231, 'SANTA', 25, '021808'),
    (232, 'NUEVO CHIMBOTE', 25, '021809'),
    (233, 'SIHUAS', 26, '021901'),
    (234, 'ACOBAMBA', 26, '021902'),
    (235, 'ALFONSO UGARTE', 26, '021903'),
    (236, 'CASHAPAMPA', 26, '021904'),
    (237, 'CHINGALPO', 26, '021905'),
    (238, 'HUAYLLABAMBA', 26, '021906'),
    (239, 'QUICHES', 26, '021907'),
    (240, 'RAGASH', 26, '021908'),
    (241, 'SAN JUAN', 26, '021909'),
    (242, 'SICSIBAMBA', 26, '021910'),
    (243, 'YUNGAY', 27, '022001'),
    (244, 'CASCAPARA', 27, '022002'),
    (245, 'MANCOS', 27, '022003'),
    (246, 'MATACOTO', 27, '022004'),
    (247, 'QUILLO', 27, '022005'),
    (248, 'RANRAHIRCA', 27, '022006'),
    (249, 'SHUPLUY', 27, '022007'),
    (250, 'YANAMA', 27, '022008'),
    (251, 'ABANCAY', 28, '030101'),
    (252, 'CHACOCHE', 28, '030102'),
    (253, 'CIRCA', 28, '030103'),
    (254, 'CURAHUASI', 28, '030104'),
    (255, 'HUANIPACA', 28, '030105'),
    (256, 'LAMBRAMA', 28, '030106'),
    (257, 'PICHIRHUA', 28, '030107'),
    (258, 'SAN PEDRO DE CACHORA', 28, '030108'),
    (259, 'TAMBURCO', 28, '030109'),
    (260, 'ANDAHUAYLAS', 29, '030201'),
    (261, 'ANDARAPA', 29, '030202'),
    (262, 'CHIARA', 29, '030203'),
    (263, 'HUANCARAMA', 29, '030204'),
    (264, 'HUANCARAY', 29, '030205'),
    (265, 'HUAYANA', 29, '030206'),
    (266, 'KISHUARA', 29, '030207'),
    (267, 'PACOBAMBA', 29, '030208'),
    (268, 'PACUCHA', 29, '030209'),
    (269, 'PAMPACHIRI', 29, '030210'),
    (270, 'POMACOCHA', 29, '030211'),
    (271, 'SAN ANTONIO DE CACHI', 29, '030212'),
    (272, 'SAN JERONIMO', 29, '030213'),
    (273, 'SAN MIGUEL DE CHACCRAMPA', 29, '030214'),
    (274, 'SANTA MARIA DE CHICMO', 29, '030215'),
    (275, 'TALAVERA', 29, '030216'),
    (276, 'TUMAY HUARACA', 29, '030217'),
    (277, 'TURPO', 29, '030218'),
    (278, 'KAQUIABAMBA', 29, '030219'),
    (279, 'JOSE MARIA ARGUEDAS', 29, '030220'),
    (280, 'ANTABAMBA', 30, '030301'),
    (281, 'EL ORO', 30, '030302'),
    (282, 'HUAQUIRCA', 30, '030303'),
    (283, 'JUAN ESPINOZA MEDRANO', 30, '030304'),
    (284, 'OROPESA', 30, '030305'),
    (285, 'PACHACONAS', 30, '030306'),
    (286, 'SABAINO', 30, '030307'),
    (287, 'CHALHUANCA', 31, '030401'),
    (288, 'CAPAYA', 31, '030402'),
    (289, 'CARAYBAMBA', 31, '030403'),
    (290, 'CHAPIMARCA', 31, '030404'),
    (291, 'COLCABAMBA', 31, '030405'),
    (292, 'COTARUSE', 31, '030406'),
    (293, 'HUAYLLO', 31, '030407'),
    (294, 'JUSTO APU SAHUARAURA', 31, '030408'),
    (295, 'LUCRE', 31, '030409'),
    (296, 'POCOHUANCA', 31, '030410'),
    (297, 'SAN JUAN DE CHACÑA', 31, '030411'),
    (298, 'SAÑAYCA', 31, '030412'),
    (299, 'SORAYA', 31, '030413'),
    (300, 'TAPAIRIHUA', 31, '030414');
GO

INSERT INTO core.distritos (id, nombre, provincia_id, ubigeo)
VALUES
    (301, 'TINTAY', 31, '030415'),
    (302, 'TORAYA', 31, '030416'),
    (303, 'YANACA', 31, '030417'),
    (304, 'TAMBOBAMBA', 32, '030501'),
    (305, 'COTABAMBAS', 32, '030502'),
    (306, 'COYLLURQUI', 32, '030503'),
    (307, 'HAQUIRA', 32, '030504'),
    (308, 'MARA', 32, '030505'),
    (309, 'CHALLHUAHUACHO', 32, '030506'),
    (310, 'CHINCHEROS', 33, '030601'),
    (311, 'ANCO-HUALLO', 33, '030602'),
    (312, 'COCHARCAS', 33, '030603'),
    (313, 'HUACCANA', 33, '030604'),
    (314, 'OCOBAMBA', 33, '030605'),
    (315, 'ONGOY', 33, '030606'),
    (316, 'URANMARCA', 33, '030607'),
    (317, 'RANRACANCHA', 33, '030608'),
    (318, 'ROCCHACC', 33, '030609'),
    (319, 'EL PORVENIR', 33, '030610'),
    (320, 'LOS CHANKAS', 33, '030611'),
    (321, 'AHUAYRO', 33, '030612'),
    (322, 'CHUQUIBAMBILLA', 34, '030701'),
    (323, 'CURPAHUASI', 34, '030702'),
    (324, 'GAMARRA', 34, '030703'),
    (325, 'HUAYLLATI', 34, '030704'),
    (326, 'MAMARA', 34, '030705'),
    (327, 'MICAELA BASTIDAS', 34, '030706'),
    (328, 'PATAYPAMPA', 34, '030707'),
    (329, 'PROGRESO', 34, '030708'),
    (330, 'SAN ANTONIO', 34, '030709'),
    (331, 'SANTA ROSA', 34, '030710'),
    (332, 'TURPAY', 34, '030711'),
    (333, 'VILCABAMBA', 34, '030712'),
    (334, 'VIRUNDO', 34, '030713'),
    (335, 'CURASCO', 34, '030714'),
    (336, 'AREQUIPA', 35, '040101'),
    (337, 'ALTO SELVA ALEGRE', 35, '040102'),
    (338, 'CAYMA', 35, '040103'),
    (339, 'CERRO COLORADO', 35, '040104'),
    (340, 'CHARACATO', 35, '040105'),
    (341, 'CHIGUATA', 35, '040106'),
    (342, 'JACOBO HUNTER', 35, '040107'),
    (343, 'LA JOYA', 35, '040108'),
    (344, 'MARIANO MELGAR', 35, '040109'),
    (345, 'MIRAFLORES', 35, '040110'),
    (346, 'MOLLEBAYA', 35, '040111'),
    (347, 'PAUCARPATA', 35, '040112'),
    (348, 'POCSI', 35, '040113'),
    (349, 'POLOBAYA', 35, '040114'),
    (350, 'QUEQUEÑA', 35, '040115'),
    (351, 'SABANDIA', 35, '040116'),
    (352, 'SACHACA', 35, '040117'),
    (353, 'SAN JUAN DE SIGUAS', 35, '040118'),
    (354, 'SAN JUAN DE TARUCANI', 35, '040119'),
    (355, 'SANTA ISABEL DE SIGUAS', 35, '040120'),
    (356, 'SANTA RITA DE SIGUAS', 35, '040121'),
    (357, 'SOCABAYA', 35, '040122'),
    (358, 'TIABAYA', 35, '040123'),
    (359, 'UCHUMAYO', 35, '040124'),
    (360, 'VITOR', 35, '040125'),
    (361, 'YANAHUARA', 35, '040126'),
    (362, 'YARABAMBA', 35, '040127'),
    (363, 'YURA', 35, '040128'),
    (364, 'JOSE LUIS BUSTAMANTE Y RIVERO', 35, '040129'),
    (365, 'CAMANA', 36, '040201'),
    (366, 'JOSE MARIA QUIMPER', 36, '040202'),
    (367, 'MARIANO NICOLAS VALCARCEL', 36, '040203'),
    (368, 'MARISCAL CACERES', 36, '040204'),
    (369, 'NICOLAS DE PIEROLA', 36, '040205'),
    (370, 'OCOÑA', 36, '040206'),
    (371, 'QUILCA', 36, '040207'),
    (372, 'SAMUEL PASTOR', 36, '040208'),
    (373, 'CARAVELI', 37, '040301'),
    (374, 'ACARI', 37, '040302'),
    (375, 'ATICO', 37, '040303'),
    (376, 'ATIQUIPA', 37, '040304'),
    (377, 'BELLA UNION', 37, '040305'),
    (378, 'CAHUACHO', 37, '040306'),
    (379, 'CHALA', 37, '040307'),
    (380, 'CHAPARRA', 37, '040308'),
    (381, 'HUANUHUANU', 37, '040309'),
    (382, 'JAQUI', 37, '040310'),
    (383, 'LOMAS', 37, '040311'),
    (384, 'QUICACHA', 37, '040312'),
    (385, 'YAUCA', 37, '040313'),
    (386, 'APLAO', 38, '040401'),
    (387, 'ANDAGUA', 38, '040402'),
    (388, 'AYO', 38, '040403'),
    (389, 'CHACHAS', 38, '040404'),
    (390, 'CHILCAYMARCA', 38, '040405'),
    (391, 'CHOCO', 38, '040406'),
    (392, 'HUANCARQUI', 38, '040407'),
    (393, 'MACHAGUAY', 38, '040408'),
    (394, 'ORCOPAMPA', 38, '040409'),
    (395, 'PAMPACOLCA', 38, '040410'),
    (396, 'TIPAN', 38, '040411'),
    (397, 'UÑON', 38, '040412'),
    (398, 'URACA', 38, '040413'),
    (399, 'VIRACO', 38, '040414'),
    (400, 'CHIVAY', 39, '040501');
GO

INSERT INTO core.distritos (id, nombre, provincia_id, ubigeo)
VALUES
    (401, 'ACHOMA', 39, '040502'),
    (402, 'CABANACONDE', 39, '040503'),
    (403, 'CALLALLI', 39, '040504'),
    (404, 'CAYLLOMA', 39, '040505'),
    (405, 'COPORAQUE', 39, '040506'),
    (406, 'HUAMBO', 39, '040507'),
    (407, 'HUANCA', 39, '040508'),
    (408, 'ICHUPAMPA', 39, '040509'),
    (409, 'LARI', 39, '040510'),
    (410, 'LLUTA', 39, '040511'),
    (411, 'MACA', 39, '040512'),
    (412, 'MADRIGAL', 39, '040513'),
    (413, 'SAN ANTONIO DE CHUCA', 39, '040514'),
    (414, 'SIBAYO', 39, '040515'),
    (415, 'TAPAY', 39, '040516'),
    (416, 'TISCO', 39, '040517'),
    (417, 'TUTI', 39, '040518'),
    (418, 'YANQUE', 39, '040519'),
    (419, 'MAJES', 39, '040520'),
    (420, 'CHUQUIBAMBA', 40, '040601'),
    (421, 'ANDARAY', 40, '040602'),
    (422, 'CAYARANI', 40, '040603'),
    (423, 'CHICHAS', 40, '040604'),
    (424, 'IRAY', 40, '040605'),
    (425, 'RIO GRANDE', 40, '040606'),
    (426, 'SALAMANCA', 40, '040607'),
    (427, 'YANAQUIHUA', 40, '040608'),
    (428, 'MOLLENDO', 41, '040701'),
    (429, 'COCACHACRA', 41, '040702'),
    (430, 'DEAN VALDIVIA', 41, '040703'),
    (431, 'ISLAY', 41, '040704'),
    (432, 'MEJIA', 41, '040705'),
    (433, 'PUNTA DE BOMBON', 41, '040706'),
    (434, 'COTAHUASI', 42, '040801'),
    (435, 'ALCA', 42, '040802'),
    (436, 'CHARCANA', 42, '040803'),
    (437, 'HUAYNACOTAS', 42, '040804'),
    (438, 'PAMPAMARCA', 42, '040805'),
    (439, 'PUYCA', 42, '040806'),
    (440, 'QUECHUALLA', 42, '040807'),
    (441, 'SAYLA', 42, '040808'),
    (442, 'TAURIA', 42, '040809'),
    (443, 'TOMEPAMPA', 42, '040810'),
    (444, 'TORO', 42, '040811'),
    (445, 'AYACUCHO', 43, '050101'),
    (446, 'ACOCRO', 43, '050102'),
    (447, 'ACOS VINCHOS', 43, '050103'),
    (448, 'CARMEN ALTO', 43, '050104'),
    (449, 'CHIARA', 43, '050105'),
    (450, 'OCROS', 43, '050106'),
    (451, 'PACAYCASA', 43, '050107'),
    (452, 'QUINUA', 43, '050108'),
    (453, 'SAN JOSE DE TICLLAS', 43, '050109'),
    (454, 'SAN JUAN BAUTISTA', 43, '050110'),
    (455, 'SANTIAGO DE PISCHA', 43, '050111'),
    (456, 'SOCOS', 43, '050112'),
    (457, 'TAMBILLO', 43, '050113'),
    (458, 'VINCHOS', 43, '050114'),
    (459, 'JESUS NAZARENO', 43, '050115'),
    (460, 'ANDRES AVELINO CACERES DORREGARAY', 43, '050116'),
    (461, 'CANGALLO', 44, '050201'),
    (462, 'CHUSCHI', 44, '050202'),
    (463, 'LOS MOROCHUCOS', 44, '050203'),
    (464, 'MARIA PARADO DE BELLIDO', 44, '050204'),
    (465, 'PARAS', 44, '050205'),
    (466, 'TOTOS', 44, '050206'),
    (467, 'SANCOS', 45, '050301'),
    (468, 'CARAPO', 45, '050302'),
    (469, 'SACSAMARCA', 45, '050303'),
    (470, 'SANTIAGO DE LUCANAMARCA', 45, '050304'),
    (471, 'HUANTA', 46, '050401'),
    (472, 'AYAHUANCO', 46, '050402'),
    (473, 'HUAMANGUILLA', 46, '050403'),
    (474, 'IGUAIN', 46, '050404'),
    (475, 'LURICOCHA', 46, '050405'),
    (476, 'SANTILLANA', 46, '050406'),
    (477, 'SIVIA', 46, '050407'),
    (478, 'LLOCHEGUA', 46, '050408'),
    (479, 'CANAYRE', 46, '050409'),
    (480, 'UCHURACCAY', 46, '050410'),
    (481, 'PUCACOLPA', 46, '050411'),
    (482, 'CHACA', 46, '050412'),
    (483, 'PUTIS', 46, '050413'),
    (484, 'SAN MIGUEL', 47, '050501'),
    (485, 'ANCO', 47, '050502'),
    (486, 'AYNA', 47, '050503'),
    (487, 'CHILCAS', 47, '050504'),
    (488, 'CHUNGUI', 47, '050505'),
    (489, 'LUIS CARRANZA', 47, '050506'),
    (490, 'SANTA ROSA', 47, '050507'),
    (491, 'TAMBO', 47, '050508'),
    (492, 'SAMUGARI', 47, '050509'),
    (493, 'ANCHIHUAY', 47, '050510'),
    (494, 'ORONCCOY', 47, '050511'),
    (495, 'UNION PROGRESO', 47, '050512'),
    (496, 'RIO MAGDALENA', 47, '050513'),
    (497, 'NINABAMBA', 47, '050514'),
    (498, 'PATIBAMBA', 47, '050515'),
    (499, 'PUQUIO', 48, '050601'),
    (500, 'AUCARA', 48, '050602');
GO

INSERT INTO core.distritos (id, nombre, provincia_id, ubigeo)
VALUES
    (501, 'CABANA', 48, '050603'),
    (502, 'CARMEN SALCEDO', 48, '050604'),
    (503, 'CHAVIÑA', 48, '050605'),
    (504, 'CHIPAO', 48, '050606'),
    (505, 'HUAC-HUAS', 48, '050607'),
    (506, 'LARAMATE', 48, '050608'),
    (507, 'LEONCIO PRADO', 48, '050609'),
    (508, 'LLAUTA', 48, '050610'),
    (509, 'LUCANAS', 48, '050611'),
    (510, 'OCAÑA', 48, '050612'),
    (511, 'OTOCA', 48, '050613'),
    (512, 'SAISA', 48, '050614'),
    (513, 'SAN CRISTOBAL', 48, '050615'),
    (514, 'SAN JUAN', 48, '050616'),
    (515, 'SAN PEDRO', 48, '050617'),
    (516, 'SAN PEDRO DE PALCO', 48, '050618'),
    (517, 'SANCOS', 48, '050619'),
    (518, 'SANTA ANA DE HUAYCAHUACHO', 48, '050620'),
    (519, 'SANTA LUCIA', 48, '050621'),
    (520, 'CORACORA', 49, '050701'),
    (521, 'CHUMPI', 49, '050702'),
    (522, 'CORONEL CASTAÑEDA', 49, '050703'),
    (523, 'PACAPAUSA', 49, '050704'),
    (524, 'PULLO', 49, '050705'),
    (525, 'PUYUSCA', 49, '050706'),
    (526, 'SAN FRANCISCO DE RAVACAYCO', 49, '050707'),
    (527, 'UPAHUACHO', 49, '050708'),
    (528, 'PAUSA', 50, '050801'),
    (529, 'COLTA', 50, '050802'),
    (530, 'CORCULLA', 50, '050803'),
    (531, 'LAMPA', 50, '050804'),
    (532, 'MARCABAMBA', 50, '050805'),
    (533, 'OYOLO', 50, '050806'),
    (534, 'PARARCA', 50, '050807'),
    (535, 'SAN JAVIER DE ALPABAMBA', 50, '050808'),
    (536, 'SAN JOSE DE USHUA', 50, '050809'),
    (537, 'SARA SARA', 50, '050810'),
    (538, 'QUEROBAMBA', 51, '050901'),
    (539, 'BELEN', 51, '050902'),
    (540, 'CHALCOS', 51, '050903'),
    (541, 'CHILCAYOC', 51, '050904'),
    (542, 'HUACAÑA', 51, '050905'),
    (543, 'MORCOLLA', 51, '050906'),
    (544, 'PAICO', 51, '050907'),
    (545, 'SAN PEDRO DE LARCAY', 51, '050908'),
    (546, 'SAN SALVADOR DE QUIJE', 51, '050909'),
    (547, 'SANTIAGO DE PAUCARAY', 51, '050910'),
    (548, 'SORAS', 51, '050911'),
    (549, 'HUANCAPI', 52, '051001'),
    (550, 'ALCAMENCA', 52, '051002'),
    (551, 'APONGO', 52, '051003'),
    (552, 'ASQUIPATA', 52, '051004'),
    (553, 'CANARIA', 52, '051005'),
    (554, 'CAYARA', 52, '051006'),
    (555, 'COLCA', 52, '051007'),
    (556, 'HUAMANQUIQUIA', 52, '051008'),
    (557, 'HUANCARAYLLA', 52, '051009'),
    (558, 'HUAYA', 52, '051010'),
    (559, 'SARHUA', 52, '051011'),
    (560, 'VILCANCHOS', 52, '051012'),
    (561, 'VILCAS HUAMAN', 53, '051101'),
    (562, 'ACCOMARCA', 53, '051102'),
    (563, 'CARHUANCA', 53, '051103'),
    (564, 'CONCEPCION', 53, '051104'),
    (565, 'HUAMBALPA', 53, '051105'),
    (566, 'INDEPENDENCIA', 53, '051106'),
    (567, 'SAURAMA', 53, '051107'),
    (568, 'VISCHONGO', 53, '051108'),
    (569, 'CAJAMARCA', 54, '060101'),
    (570, 'ASUNCION', 54, '060102'),
    (571, 'CHETILLA', 54, '060103'),
    (572, 'COSPAN', 54, '060104'),
    (573, 'ENCAÑADA', 54, '060105'),
    (574, 'JESUS', 54, '060106'),
    (575, 'LLACANORA', 54, '060107'),
    (576, 'LOS BAÑOS DEL INCA', 54, '060108'),
    (577, 'MAGDALENA', 54, '060109'),
    (578, 'MATARA', 54, '060110'),
    (579, 'NAMORA', 54, '060111'),
    (580, 'SAN JUAN', 54, '060112'),
    (581, 'CAJABAMBA', 55, '060201'),
    (582, 'CACHACHI', 55, '060202'),
    (583, 'CONDEBAMBA', 55, '060203'),
    (584, 'SITACOCHA', 55, '060204'),
    (585, 'CELENDIN', 56, '060301'),
    (586, 'CHUMUCH', 56, '060302'),
    (587, 'CORTEGANA', 56, '060303'),
    (588, 'HUASMIN', 56, '060304'),
    (589, 'JORGE CHAVEZ', 56, '060305'),
    (590, 'JOSE GALVEZ', 56, '060306'),
    (591, 'MIGUEL IGLESIAS', 56, '060307'),
    (592, 'OXAMARCA', 56, '060308'),
    (593, 'SOROCHUCO', 56, '060309'),
    (594, 'SUCRE', 56, '060310'),
    (595, 'UTCO', 56, '060311'),
    (596, 'LA LIBERTAD DE PALLAN', 56, '060312'),
    (597, 'CHOTA', 57, '060401'),
    (598, 'ANGUIA', 57, '060402'),
    (599, 'CHADIN', 57, '060403'),
    (600, 'CHIGUIRIP', 57, '060404');
GO

INSERT INTO core.distritos (id, nombre, provincia_id, ubigeo)
VALUES
    (601, 'CHIMBAN', 57, '060405'),
    (602, 'CHOROPAMPA', 57, '060406'),
    (603, 'COCHABAMBA', 57, '060407'),
    (604, 'CONCHAN', 57, '060408'),
    (605, 'HUAMBOS', 57, '060409'),
    (606, 'LAJAS', 57, '060410'),
    (607, 'LLAMA', 57, '060411'),
    (608, 'MIRACOSTA', 57, '060412'),
    (609, 'PACCHA', 57, '060413'),
    (610, 'PION', 57, '060414'),
    (611, 'QUEROCOTO', 57, '060415'),
    (612, 'SAN JUAN DE LICUPIS', 57, '060416'),
    (613, 'TACABAMBA', 57, '060417'),
    (614, 'TOCMOCHE', 57, '060418'),
    (615, 'CHALAMARCA', 57, '060419'),
    (616, 'CONTUMAZA', 58, '060501'),
    (617, 'CHILETE', 58, '060502'),
    (618, 'CUPISNIQUE', 58, '060503'),
    (619, 'GUZMANGO', 58, '060504'),
    (620, 'SAN BENITO', 58, '060505'),
    (621, 'SANTA CRUZ DE TOLEDO', 58, '060506'),
    (622, 'TANTARICA', 58, '060507'),
    (623, 'YONAN', 58, '060508'),
    (624, 'CUTERVO', 59, '060601'),
    (625, 'CALLAYUC', 59, '060602'),
    (626, 'CHOROS', 59, '060603'),
    (627, 'CUJILLO', 59, '060604'),
    (628, 'LA RAMADA', 59, '060605'),
    (629, 'PIMPINGOS', 59, '060606'),
    (630, 'QUEROCOTILLO', 59, '060607'),
    (631, 'SAN ANDRES DE CUTERVO', 59, '060608'),
    (632, 'SAN JUAN DE CUTERVO', 59, '060609'),
    (633, 'SAN LUIS DE LUCMA', 59, '060610'),
    (634, 'SANTA CRUZ', 59, '060611'),
    (635, 'SANTO DOMINGO DE LA CAPILLA', 59, '060612'),
    (636, 'SANTO TOMAS', 59, '060613'),
    (637, 'SOCOTA', 59, '060614'),
    (638, 'TORIBIO CASANOVA', 59, '060615'),
    (639, 'BAMBAMARCA', 60, '060701'),
    (640, 'CHUGUR', 60, '060702'),
    (641, 'HUALGAYOC', 60, '060703'),
    (642, 'JAEN', 61, '060801'),
    (643, 'BELLAVISTA', 61, '060802'),
    (644, 'CHONTALI', 61, '060803'),
    (645, 'COLASAY', 61, '060804'),
    (646, 'HUABAL', 61, '060805'),
    (647, 'LAS PIRIAS', 61, '060806'),
    (648, 'POMAHUACA', 61, '060807'),
    (649, 'PUCARA', 61, '060808'),
    (650, 'SALLIQUE', 61, '060809'),
    (651, 'SAN FELIPE', 61, '060810'),
    (652, 'SAN JOSE DEL ALTO', 61, '060811'),
    (653, 'SANTA ROSA', 61, '060812'),
    (654, 'SAN IGNACIO', 62, '060901'),
    (655, 'CHIRINOS', 62, '060902'),
    (656, 'HUARANGO', 62, '060903'),
    (657, 'LA COIPA', 62, '060904'),
    (658, 'NAMBALLE', 62, '060905'),
    (659, 'SAN JOSE DE LOURDES', 62, '060906'),
    (660, 'TABACONAS', 62, '060907'),
    (661, 'PEDRO GALVEZ', 63, '061001'),
    (662, 'CHANCAY', 63, '061002'),
    (663, 'EDUARDO VILLANUEVA', 63, '061003'),
    (664, 'GREGORIO PITA', 63, '061004'),
    (665, 'ICHOCAN', 63, '061005'),
    (666, 'JOSE MANUEL QUIROZ', 63, '061006'),
    (667, 'JOSE SABOGAL', 63, '061007'),
    (668, 'SAN MIGUEL', 64, '061101'),
    (669, 'BOLIVAR', 64, '061102'),
    (670, 'CALQUIS', 64, '061103'),
    (671, 'CATILLUC', 64, '061104'),
    (672, 'EL PRADO', 64, '061105'),
    (673, 'LA FLORIDA', 64, '061106'),
    (674, 'LLAPA', 64, '061107'),
    (675, 'NANCHOC', 64, '061108'),
    (676, 'NIEPOS', 64, '061109'),
    (677, 'SAN GREGORIO', 64, '061110'),
    (678, 'SAN SILVESTRE DE COCHAN', 64, '061111'),
    (679, 'TONGOD', 64, '061112'),
    (680, 'UNION AGUA BLANCA', 64, '061113'),
    (681, 'SAN PABLO', 65, '061201'),
    (682, 'SAN BERNARDINO', 65, '061202'),
    (683, 'SAN LUIS', 65, '061203'),
    (684, 'TUMBADEN', 65, '061204'),
    (685, 'SANTA CRUZ', 66, '061301'),
    (686, 'ANDABAMBA', 66, '061302'),
    (687, 'CATACHE', 66, '061303'),
    (688, 'CHANCAYBAÑOS', 66, '061304'),
    (689, 'LA ESPERANZA', 66, '061305'),
    (690, 'NINABAMBA', 66, '061306'),
    (691, 'PULAN', 66, '061307'),
    (692, 'SAUCEPAMPA', 66, '061308'),
    (693, 'SEXI', 66, '061309'),
    (694, 'UTICYACU', 66, '061310'),
    (695, 'YAUYUCAN', 66, '061311'),
    (696, 'CALLAO', 67, '070101'),
    (697, 'BELLAVISTA', 67, '070102'),
    (698, 'CARMEN DE LA LEGUA REYNOSO', 67, '070103'),
    (699, 'LA PERLA', 67, '070104'),
    (700, 'LA PUNTA', 67, '070105');
GO

INSERT INTO core.distritos (id, nombre, provincia_id, ubigeo)
VALUES
    (701, 'VENTANILLA', 67, '070106'),
    (702, 'MI PERU', 67, '070107'),
    (703, 'CUSCO', 68, '080101'),
    (704, 'CCORCA', 68, '080102'),
    (705, 'POROY', 68, '080103'),
    (706, 'SAN JERONIMO', 68, '080104'),
    (707, 'SAN SEBASTIAN', 68, '080105'),
    (708, 'SANTIAGO', 68, '080106'),
    (709, 'SAYLLA', 68, '080107'),
    (710, 'WANCHAQ', 68, '080108'),
    (711, 'ACOMAYO', 69, '080201'),
    (712, 'ACOPIA', 69, '080202'),
    (713, 'ACOS', 69, '080203'),
    (714, 'MOSOC LLACTA', 69, '080204'),
    (715, 'POMACANCHI', 69, '080205'),
    (716, 'RONDOCAN', 69, '080206'),
    (717, 'SANGARARA', 69, '080207'),
    (718, 'ANTA', 70, '080301'),
    (719, 'ANCAHUASI', 70, '080302'),
    (720, 'CACHIMAYO', 70, '080303'),
    (721, 'CHINCHAYPUJIO', 70, '080304'),
    (722, 'HUAROCONDO', 70, '080305'),
    (723, 'LIMATAMBO', 70, '080306'),
    (724, 'MOLLEPATA', 70, '080307'),
    (725, 'PUCYURA', 70, '080308'),
    (726, 'ZURITE', 70, '080309'),
    (727, 'CALCA', 71, '080401'),
    (728, 'COYA', 71, '080402'),
    (729, 'LAMAY', 71, '080403'),
    (730, 'LARES', 71, '080404'),
    (731, 'PISAC', 71, '080405'),
    (732, 'SAN SALVADOR', 71, '080406'),
    (733, 'TARAY', 71, '080407'),
    (734, 'YANATILE', 71, '080408'),
    (735, 'YANAOCA', 72, '080501'),
    (736, 'CHECCA', 72, '080502'),
    (737, 'KUNTURKANKI', 72, '080503'),
    (738, 'LANGUI', 72, '080504'),
    (739, 'LAYO', 72, '080505'),
    (740, 'PAMPAMARCA', 72, '080506'),
    (741, 'QUEHUE', 72, '080507'),
    (742, 'TUPAC AMARU', 72, '080508'),
    (743, 'SICUANI', 73, '080601'),
    (744, 'CHECACUPE', 73, '080602'),
    (745, 'COMBAPATA', 73, '080603'),
    (746, 'MARANGANI', 73, '080604'),
    (747, 'PITUMARCA', 73, '080605'),
    (748, 'SAN PABLO', 73, '080606'),
    (749, 'SAN PEDRO', 73, '080607'),
    (750, 'TINTA', 73, '080608'),
    (751, 'SANTO TOMAS', 74, '080701'),
    (752, 'CAPACMARCA', 74, '080702'),
    (753, 'CHAMACA', 74, '080703'),
    (754, 'COLQUEMARCA', 74, '080704'),
    (755, 'LIVITACA', 74, '080705'),
    (756, 'LLUSCO', 74, '080706'),
    (757, 'QUIÑOTA', 74, '080707'),
    (758, 'VELILLE', 74, '080708'),
    (759, 'ESPINAR', 75, '080801'),
    (760, 'CONDOROMA', 75, '080802'),
    (761, 'COPORAQUE', 75, '080803'),
    (762, 'OCORURO', 75, '080804'),
    (763, 'PALLPATA', 75, '080805'),
    (764, 'PICHIGUA', 75, '080806'),
    (765, 'SUYCKUTAMBO', 75, '080807'),
    (766, 'ALTO PICHIGUA', 75, '080808'),
    (767, 'SANTA ANA', 76, '080901'),
    (768, 'ECHARATE', 76, '080902'),
    (769, 'HUAYOPATA', 76, '080903'),
    (770, 'MARANURA', 76, '080904'),
    (771, 'OCOBAMBA', 76, '080905'),
    (772, 'QUELLOUNO', 76, '080906'),
    (773, 'QUIMBIRI', 76, '080907'),
    (774, 'SANTA TERESA', 76, '080908'),
    (775, 'VILCABAMBA', 76, '080909'),
    (776, 'PICHARI', 76, '080910'),
    (777, 'INKAWASI', 76, '080911'),
    (778, 'VILLA VIRGEN', 76, '080912'),
    (779, 'VILLA KINTIARINA', 76, '080913'),
    (780, 'MEGANTONI', 76, '080914'),
    (781, 'KUMPIRUSHIATO', 76, '080915'),
    (782, 'CIELO PUNCO', 76, '080916'),
    (783, 'MANITEA', 76, '080917'),
    (784, 'UNION ASHÁNINKA', 76, '080918'),
    (785, 'PARURO', 77, '081001'),
    (786, 'ACCHA', 77, '081002'),
    (787, 'CCAPI', 77, '081003'),
    (788, 'COLCHA', 77, '081004'),
    (789, 'HUANOQUITE', 77, '081005'),
    (790, 'OMACHA', 77, '081006'),
    (791, 'PACCARITAMBO', 77, '081007'),
    (792, 'PILLPINTO', 77, '081008'),
    (793, 'YAURISQUE', 77, '081009'),
    (794, 'PAUCARTAMBO', 78, '081101'),
    (795, 'CAICAY', 78, '081102'),
    (796, 'CHALLABAMBA', 78, '081103'),
    (797, 'COLQUEPATA', 78, '081104'),
    (798, 'HUANCARANI', 78, '081105'),
    (799, 'KOSÑIPATA', 78, '081106'),
    (800, 'URCOS', 79, '081201');
GO

INSERT INTO core.distritos (id, nombre, provincia_id, ubigeo)
VALUES
    (801, 'ANDAHUAYLILLAS', 79, '081202'),
    (802, 'CAMANTI', 79, '081203'),
    (803, 'CCARHUAYO', 79, '081204'),
    (804, 'CCATCA', 79, '081205'),
    (805, 'CUSIPATA', 79, '081206'),
    (806, 'HUARO', 79, '081207'),
    (807, 'LUCRE', 79, '081208'),
    (808, 'MARCAPATA', 79, '081209'),
    (809, 'OCONGATE', 79, '081210'),
    (810, 'OROPESA', 79, '081211'),
    (811, 'QUIQUIJANA', 79, '081212'),
    (812, 'URUBAMBA', 80, '081301'),
    (813, 'CHINCHERO', 80, '081302'),
    (814, 'HUAYLLABAMBA', 80, '081303'),
    (815, 'MACHUPICCHU', 80, '081304'),
    (816, 'MARAS', 80, '081305'),
    (817, 'OLLANTAYTAMBO', 80, '081306'),
    (818, 'YUCAY', 80, '081307'),
    (819, 'HUANCAVELICA', 81, '090101'),
    (820, 'ACOBAMBILLA', 81, '090102'),
    (821, 'ACORIA', 81, '090103'),
    (822, 'CONAYCA', 81, '090104'),
    (823, 'CUENCA', 81, '090105'),
    (824, 'HUACHOCOLPA', 81, '090106'),
    (825, 'HUAYLLAHUARA', 81, '090107'),
    (826, 'IZCUCHACA', 81, '090108'),
    (827, 'LARIA', 81, '090109'),
    (828, 'MANTA', 81, '090110'),
    (829, 'MARISCAL CACERES', 81, '090111'),
    (830, 'MOYA', 81, '090112'),
    (831, 'NUEVO OCCORO', 81, '090113'),
    (832, 'PALCA', 81, '090114'),
    (833, 'PILCHACA', 81, '090115'),
    (834, 'VILCA', 81, '090116'),
    (835, 'YAULI', 81, '090117'),
    (836, 'ASCENSION', 81, '090118'),
    (837, 'HUANDO', 81, '090119'),
    (838, 'ACOBAMBA', 82, '090201'),
    (839, 'ANDABAMBA', 82, '090202'),
    (840, 'ANTA', 82, '090203'),
    (841, 'CAJA', 82, '090204'),
    (842, 'MARCAS', 82, '090205'),
    (843, 'PAUCARA', 82, '090206'),
    (844, 'POMACOCHA', 82, '090207'),
    (845, 'ROSARIO', 82, '090208'),
    (846, 'LIRCAY', 83, '090301'),
    (847, 'ANCHONGA', 83, '090302'),
    (848, 'CALLANMARCA', 83, '090303'),
    (849, 'CCOCHACCASA', 83, '090304'),
    (850, 'CHINCHO', 83, '090305'),
    (851, 'CONGALLA', 83, '090306'),
    (852, 'HUANCA-HUANCA', 83, '090307'),
    (853, 'HUAYLLAY GRANDE', 83, '090308'),
    (854, 'JULCAMARCA', 83, '090309'),
    (855, 'SAN ANTONIO DE ANTAPARCO', 83, '090310'),
    (856, 'SANTO TOMAS DE PATA', 83, '090311'),
    (857, 'SECCLLA', 83, '090312'),
    (858, 'CASTROVIRREYNA', 84, '090401'),
    (859, 'ARMA', 84, '090402'),
    (860, 'AURAHUA', 84, '090403'),
    (861, 'CAPILLAS', 84, '090404'),
    (862, 'CHUPAMARCA', 84, '090405'),
    (863, 'COCAS', 84, '090406'),
    (864, 'HUACHOS', 84, '090407'),
    (865, 'HUAMATAMBO', 84, '090408'),
    (866, 'MOLLEPAMPA', 84, '090409'),
    (867, 'SAN JUAN', 84, '090410'),
    (868, 'SANTA ANA', 84, '090411'),
    (869, 'TANTARA', 84, '090412'),
    (870, 'TICRAPO', 84, '090413'),
    (871, 'CHURCAMPA', 85, '090501'),
    (872, 'ANCO', 85, '090502'),
    (873, 'CHINCHIHUASI', 85, '090503'),
    (874, 'EL CARMEN', 85, '090504'),
    (875, 'LA MERCED', 85, '090505'),
    (876, 'LOCROJA', 85, '090506'),
    (877, 'PAUCARBAMBA', 85, '090507'),
    (878, 'SAN MIGUEL DE MAYOCC', 85, '090508'),
    (879, 'SAN PEDRO DE CORIS', 85, '090509'),
    (880, 'PACHAMARCA', 85, '090510'),
    (881, 'COSME', 85, '090511'),
    (882, 'HUAYTARA', 86, '090601'),
    (883, 'AYAVI', 86, '090602'),
    (884, 'CORDOVA', 86, '090603'),
    (885, 'HUAYACUNDO ARMA', 86, '090604'),
    (886, 'LARAMARCA', 86, '090605'),
    (887, 'OCOYO', 86, '090606'),
    (888, 'PILPICHACA', 86, '090607'),
    (889, 'QUERCO', 86, '090608'),
    (890, 'QUITO-ARMA', 86, '090609'),
    (891, 'SAN ANTONIO DE CUSICANCHA', 86, '090610'),
    (892, 'SAN FRANCISCO DE SANGAYAICO', 86, '090611'),
    (893, 'SAN ISIDRO', 86, '090612'),
    (894, 'SANTIAGO DE CHOCORVOS', 86, '090613'),
    (895, 'SANTIAGO DE QUIRAHUARA', 86, '090614'),
    (896, 'SANTO DOMINGO DE CAPILLAS', 86, '090615'),
    (897, 'TAMBO', 86, '090616'),
    (898, 'PAMPAS', 87, '090701'),
    (899, 'ACOSTAMBO', 87, '090702'),
    (900, 'ACRAQUIA', 87, '090703');
GO

INSERT INTO core.distritos (id, nombre, provincia_id, ubigeo)
VALUES
    (901, 'AHUAYCHA', 87, '090704'),
    (902, 'COLCABAMBA', 87, '090705'),
    (903, 'DANIEL HERNANDEZ', 87, '090706'),
    (904, 'HUACHOCOLPA', 87, '090707'),
    (905, 'HUARIBAMBA', 87, '090709'),
    (906, 'ÑAHUIMPUQUIO', 87, '090710'),
    (907, 'PAZOS', 87, '090711'),
    (908, 'QUISHUAR', 87, '090713'),
    (909, 'SALCABAMBA', 87, '090714'),
    (910, 'SALCAHUASI', 87, '090715'),
    (911, 'SAN MARCOS DE ROCCHAC', 87, '090716'),
    (912, 'SURCUBAMBA', 87, '090717'),
    (913, 'TINTAY PUNCU', 87, '090718'),
    (914, 'QUICHUAS', 87, '090719'),
    (915, 'ANDAYMARCA', 87, '090720'),
    (916, 'ROBLE', 87, '090721'),
    (917, 'PICHOS', 87, '090722'),
    (918, 'SANTIAGO DE TUCUMA', 87, '090723'),
    (919, 'LAMBRAS', 87, '090724'),
    (920, 'COCHABAMBA', 87, '090725'),
    (921, 'HUANUCO', 88, '100101'),
    (922, 'AMARILIS', 88, '100102'),
    (923, 'CHINCHAO', 88, '100103'),
    (924, 'CHURUBAMBA', 88, '100104'),
    (925, 'MARGOS', 88, '100105'),
    (926, 'QUISQUI', 88, '100106'),
    (927, 'SAN FRANCISCO DE CAYRAN', 88, '100107'),
    (928, 'SAN PEDRO DE CHAULAN', 88, '100108'),
    (929, 'SANTA MARIA DEL VALLE', 88, '100109'),
    (930, 'YARUMAYO', 88, '100110'),
    (931, 'PILLCO MARCA', 88, '100111'),
    (932, 'YACUS', 88, '100112'),
    (933, 'SAN PABLO DE PILLAO', 88, '100113'),
    (934, 'AMBO', 89, '100201'),
    (935, 'CAYNA', 89, '100202'),
    (936, 'COLPAS', 89, '100203'),
    (937, 'CONCHAMARCA', 89, '100204'),
    (938, 'HUACAR', 89, '100205'),
    (939, 'SAN FRANCISCO', 89, '100206'),
    (940, 'SAN RAFAEL', 89, '100207'),
    (941, 'TOMAY KICHWA', 89, '100208'),
    (942, 'LA UNION', 90, '100301'),
    (943, 'CHUQUIS', 90, '100307'),
    (944, 'MARIAS', 90, '100311'),
    (945, 'PACHAS', 90, '100313'),
    (946, 'QUIVILLA', 90, '100316'),
    (947, 'RIPAN', 90, '100317'),
    (948, 'SHUNQUI', 90, '100321'),
    (949, 'SILLAPATA', 90, '100322'),
    (950, 'YANAS', 90, '100323'),
    (951, 'HUACAYBAMBA', 91, '100401'),
    (952, 'CANCHABAMBA', 91, '100402'),
    (953, 'COCHABAMBA', 91, '100403'),
    (954, 'PINRA', 91, '100404'),
    (955, 'LLATA', 92, '100501'),
    (956, 'ARANCAY', 92, '100502'),
    (957, 'CHAVIN DE PARIARCA', 92, '100503'),
    (958, 'JACAS GRANDE', 92, '100504'),
    (959, 'JIRCAN', 92, '100505'),
    (960, 'MIRAFLORES', 92, '100506'),
    (961, 'MONZON', 92, '100507'),
    (962, 'PUNCHAO', 92, '100508'),
    (963, 'PUÑOS', 92, '100509'),
    (964, 'SINGA', 92, '100510'),
    (965, 'TANTAMAYO', 92, '100511'),
    (966, 'RUPA-RUPA', 93, '100601'),
    (967, 'DANIEL ALOMIAS ROBLES', 93, '100602'),
    (968, 'HERMILIO VALDIZAN', 93, '100603'),
    (969, 'JOSE CRESPO Y CASTILLO', 93, '100604'),
    (970, 'LUYANDO', 93, '100605'),
    (971, 'MARIANO DAMASO BERAUN', 93, '100606'),
    (972, 'PUCAYACU', 93, '100607'),
    (973, 'CASTILLO GRANDE', 93, '100608'),
    (974, 'PUEBLO NUEVO', 93, '100609'),
    (975, 'SANTO DOMINGO DE ANDA', 93, '100610'),
    (976, 'HUACRACHUCO', 94, '100701'),
    (977, 'CHOLON', 94, '100702'),
    (978, 'SAN BUENAVENTURA', 94, '100703'),
    (979, 'LA MORADA', 94, '100704'),
    (980, 'SANTA ROSA DE ALTO YANAJANCA', 94, '100705'),
    (981, 'PANAO', 95, '100801'),
    (982, 'CHAGLLA', 95, '100802'),
    (983, 'MOLINO', 95, '100803'),
    (984, 'UMARI', 95, '100804'),
    (985, 'PUERTO INCA', 96, '100901'),
    (986, 'CODO DEL POZUZO', 96, '100902'),
    (987, 'HONORIA', 96, '100903'),
    (988, 'TOURNAVISTA', 96, '100904'),
    (989, 'YUYAPICHIS', 96, '100905'),
    (990, 'JESUS', 97, '101001'),
    (991, 'BAÑOS', 97, '101002'),
    (992, 'JIVIA', 97, '101003'),
    (993, 'QUEROPALCA', 97, '101004'),
    (994, 'RONDOS', 97, '101005'),
    (995, 'SAN FRANCISCO DE ASIS', 97, '101006'),
    (996, 'SAN MIGUEL DE CAURI', 97, '101007'),
    (997, 'CHAVINILLO', 98, '101101'),
    (998, 'CAHUAC', 98, '101102'),
    (999, 'CHACABAMBA', 98, '101103'),
    (1000, 'APARICIO POMARES', 98, '101104');
GO

INSERT INTO core.distritos (id, nombre, provincia_id, ubigeo)
VALUES
    (1001, 'JACAS CHICO', 98, '101105'),
    (1002, 'OBAS', 98, '101106'),
    (1003, 'PAMPAMARCA', 98, '101107'),
    (1004, 'CHORAS', 98, '101108'),
    (1005, 'ICA', 99, '110101'),
    (1006, 'LA TINGUIÑA', 99, '110102'),
    (1007, 'LOS AQUIJES', 99, '110103'),
    (1008, 'OCUCAJE', 99, '110104'),
    (1009, 'PACHACUTEC', 99, '110105'),
    (1010, 'PARCONA', 99, '110106'),
    (1011, 'PUEBLO NUEVO', 99, '110107'),
    (1012, 'SALAS', 99, '110108'),
    (1013, 'SAN JOSE DE LOS MOLINOS', 99, '110109'),
    (1014, 'SAN JUAN BAUTISTA', 99, '110110'),
    (1015, 'SANTIAGO', 99, '110111'),
    (1016, 'SUBTANJALLA', 99, '110112'),
    (1017, 'TATE', 99, '110113'),
    (1018, 'YAUCA DEL ROSARIO', 99, '110114'),
    (1019, 'CHINCHA ALTA', 100, '110201'),
    (1020, 'ALTO LARAN', 100, '110202'),
    (1021, 'CHAVIN', 100, '110203'),
    (1022, 'CHINCHA BAJA', 100, '110204'),
    (1023, 'EL CARMEN', 100, '110205'),
    (1024, 'GROCIO PRADO', 100, '110206'),
    (1025, 'PUEBLO NUEVO', 100, '110207'),
    (1026, 'SAN JUAN DE YANAC', 100, '110208'),
    (1027, 'SAN PEDRO DE HUACARPANA', 100, '110209'),
    (1028, 'SUNAMPE', 100, '110210'),
    (1029, 'TAMBO DE MORA', 100, '110211'),
    (1030, 'NAZCA', 101, '110301'),
    (1031, 'CHANGUILLO', 101, '110302'),
    (1032, 'EL INGENIO', 101, '110303'),
    (1033, 'MARCONA', 101, '110304'),
    (1034, 'VISTA ALEGRE', 101, '110305'),
    (1035, 'PALPA', 102, '110401'),
    (1036, 'LLIPATA', 102, '110402'),
    (1037, 'RIO GRANDE', 102, '110403'),
    (1038, 'SANTA CRUZ', 102, '110404'),
    (1039, 'TIBILLO', 102, '110405'),
    (1040, 'PISCO', 103, '110501'),
    (1041, 'HUANCANO', 103, '110502'),
    (1042, 'HUMAY', 103, '110503'),
    (1043, 'INDEPENDENCIA', 103, '110504'),
    (1044, 'PARACAS', 103, '110505'),
    (1045, 'SAN ANDRES', 103, '110506'),
    (1046, 'SAN CLEMENTE', 103, '110507'),
    (1047, 'TUPAC AMARU INCA', 103, '110508'),
    (1048, 'HUANCAYO', 104, '120101'),
    (1049, 'CARHUACALLANGA', 104, '120104'),
    (1050, 'CHACAPAMPA', 104, '120105'),
    (1051, 'CHICCHE', 104, '120106'),
    (1052, 'CHILCA', 104, '120107'),
    (1053, 'CHONGOS ALTO', 104, '120108'),
    (1054, 'CHUPURO', 104, '120111'),
    (1055, 'COLCA', 104, '120112'),
    (1056, 'CULLHUAS', 104, '120113'),
    (1057, 'EL TAMBO', 104, '120114'),
    (1058, 'HUACRAPUQUIO', 104, '120116'),
    (1059, 'HUALHUAS', 104, '120117'),
    (1060, 'HUANCAN', 104, '120119'),
    (1061, 'HUASICANCHA', 104, '120120'),
    (1062, 'HUAYUCACHI', 104, '120121'),
    (1063, 'INGENIO', 104, '120122'),
    (1064, 'PARIAHUANCA', 104, '120124'),
    (1065, 'PILCOMAYO', 104, '120125'),
    (1066, 'PUCARA', 104, '120126'),
    (1067, 'QUICHUAY', 104, '120127'),
    (1068, 'QUILCAS', 104, '120128'),
    (1069, 'SAN AGUSTIN', 104, '120129'),
    (1070, 'SAN JERONIMO DE TUNAN', 104, '120130'),
    (1071, 'SAÑO', 104, '120132'),
    (1072, 'SAPALLANGA', 104, '120133'),
    (1073, 'SICAYA', 104, '120134'),
    (1074, 'SANTO DOMINGO DE ACOBAMBA', 104, '120135'),
    (1075, 'VIQUES', 104, '120136'),
    (1076, 'CONCEPCION', 105, '120201'),
    (1077, 'ACO', 105, '120202'),
    (1078, 'ANDAMARCA', 105, '120203'),
    (1079, 'CHAMBARA', 105, '120204'),
    (1080, 'COCHAS', 105, '120205'),
    (1081, 'COMAS', 105, '120206'),
    (1082, 'HEROINAS TOLEDO', 105, '120207'),
    (1083, 'MANZANARES', 105, '120208'),
    (1084, 'MARISCAL CASTILLA', 105, '120209'),
    (1085, 'MATAHUASI', 105, '120210'),
    (1086, 'MITO', 105, '120211'),
    (1087, 'NUEVE DE JULIO', 105, '120212'),
    (1088, 'ORCOTUNA', 105, '120213'),
    (1089, 'SAN JOSE DE QUERO', 105, '120214'),
    (1090, 'SANTA ROSA DE OCOPA', 105, '120215'),
    (1091, 'CHANCHAMAYO', 106, '120301'),
    (1092, 'PERENE', 106, '120302'),
    (1093, 'PICHANAQUI', 106, '120303'),
    (1094, 'SAN LUIS DE SHUARO', 106, '120304'),
    (1095, 'SAN RAMON', 106, '120305'),
    (1096, 'VITOC', 106, '120306'),
    (1097, 'JAUJA', 107, '120401'),
    (1098, 'ACOLLA', 107, '120402'),
    (1099, 'APATA', 107, '120403'),
    (1100, 'ATAURA', 107, '120404');
GO

INSERT INTO core.distritos (id, nombre, provincia_id, ubigeo)
VALUES
    (1101, 'CANCHAYLLO', 107, '120405'),
    (1102, 'CURICACA', 107, '120406'),
    (1103, 'EL MANTARO', 107, '120407'),
    (1104, 'HUAMALI', 107, '120408'),
    (1105, 'HUARIPAMPA', 107, '120409'),
    (1106, 'HUERTAS', 107, '120410'),
    (1107, 'JANJAILLO', 107, '120411'),
    (1108, 'JULCAN', 107, '120412'),
    (1109, 'LEONOR ORDOÑEZ', 107, '120413'),
    (1110, 'LLOCLLAPAMPA', 107, '120414'),
    (1111, 'MARCO', 107, '120415'),
    (1112, 'MASMA', 107, '120416'),
    (1113, 'MASMA CHICCHE', 107, '120417'),
    (1114, 'MOLINOS', 107, '120418'),
    (1115, 'MONOBAMBA', 107, '120419'),
    (1116, 'MUQUI', 107, '120420'),
    (1117, 'MUQUIYAUYO', 107, '120421'),
    (1118, 'PACA', 107, '120422'),
    (1119, 'PACCHA', 107, '120423'),
    (1120, 'PANCAN', 107, '120424'),
    (1121, 'PARCO', 107, '120425'),
    (1122, 'POMACANCHA', 107, '120426'),
    (1123, 'RICRAN', 107, '120427'),
    (1124, 'SAN LORENZO', 107, '120428'),
    (1125, 'SAN PEDRO DE CHUNAN', 107, '120429'),
    (1126, 'SAUSA', 107, '120430'),
    (1127, 'SINCOS', 107, '120431'),
    (1128, 'TUNAN MARCA', 107, '120432'),
    (1129, 'YAULI', 107, '120433'),
    (1130, 'YAUYOS', 107, '120434'),
    (1131, 'JUNIN', 108, '120501'),
    (1132, 'CARHUAMAYO', 108, '120502'),
    (1133, 'ONDORES', 108, '120503'),
    (1134, 'ULCUMAYO', 108, '120504'),
    (1135, 'SATIPO', 109, '120601'),
    (1136, 'COVIRIALI', 109, '120602'),
    (1137, 'LLAYLLA', 109, '120603'),
    (1138, 'MAZAMARI', 109, '120604'),
    (1139, 'PAMPA HERMOSA', 109, '120605'),
    (1140, 'PANGOA', 109, '120606'),
    (1141, 'RIO NEGRO', 109, '120607'),
    (1142, 'RIO TAMBO', 109, '120608'),
    (1143, 'VIZCATAN DEL ENE', 109, '120609'),
    (1144, 'TARMA', 110, '120701'),
    (1145, 'ACOBAMBA', 110, '120702'),
    (1146, 'HUARICOLCA', 110, '120703'),
    (1147, 'HUASAHUASI', 110, '120704'),
    (1148, 'LA UNION', 110, '120705'),
    (1149, 'PALCA', 110, '120706'),
    (1150, 'PALCAMAYO', 110, '120707'),
    (1151, 'SAN PEDRO DE CAJAS', 110, '120708'),
    (1152, 'TAPO', 110, '120709'),
    (1153, 'LA OROYA', 111, '120801'),
    (1154, 'CHACAPALPA', 111, '120802'),
    (1155, 'HUAY-HUAY', 111, '120803'),
    (1156, 'MARCAPOMACOCHA', 111, '120804'),
    (1157, 'MOROCOCHA', 111, '120805'),
    (1158, 'PACCHA', 111, '120806'),
    (1159, 'SANTA BARBARA DE CARHUACAYAN', 111, '120807'),
    (1160, 'SANTA ROSA DE SACCO', 111, '120808'),
    (1161, 'SUITUCANCHA', 111, '120809'),
    (1162, 'YAULI', 111, '120810'),
    (1163, 'CHUPACA', 112, '120901'),
    (1164, 'AHUAC', 112, '120902'),
    (1165, 'CHONGOS BAJO', 112, '120903'),
    (1166, 'HUACHAC', 112, '120904'),
    (1167, 'HUAMANCACA CHICO', 112, '120905'),
    (1168, 'SAN JUAN DE YSCOS', 112, '120906'),
    (1169, 'SAN JUAN DE JARPA', 112, '120907'),
    (1170, 'TRES DE DICIEMBRE', 112, '120908'),
    (1171, 'YANACANCHA', 112, '120909'),
    (1172, 'TRUJILLO', 113, '130101'),
    (1173, 'EL PORVENIR', 113, '130102'),
    (1174, 'FLORENCIA DE MORA', 113, '130103'),
    (1175, 'HUANCHACO', 113, '130104'),
    (1176, 'LA ESPERANZA', 113, '130105'),
    (1177, 'LAREDO', 113, '130106'),
    (1178, 'MOCHE', 113, '130107'),
    (1179, 'POROTO', 113, '130108'),
    (1180, 'SALAVERRY', 113, '130109'),
    (1181, 'SIMBAL', 113, '130110'),
    (1182, 'VICTOR LARCO HERRERA', 113, '130111'),
    (1183, 'ASCOPE', 114, '130201'),
    (1184, 'CHICAMA', 114, '130202'),
    (1185, 'CHOCOPE', 114, '130203'),
    (1186, 'MAGDALENA DE CAO', 114, '130204'),
    (1187, 'PAIJAN', 114, '130205'),
    (1188, 'RAZURI', 114, '130206'),
    (1189, 'SANTIAGO DE CAO', 114, '130207'),
    (1190, 'CASA GRANDE', 114, '130208'),
    (1191, 'BOLIVAR', 115, '130301'),
    (1192, 'BAMBAMARCA', 115, '130302'),
    (1193, 'CONDORMARCA', 115, '130303'),
    (1194, 'LONGOTEA', 115, '130304'),
    (1195, 'UCHUMARCA', 115, '130305'),
    (1196, 'UCUNCHA', 115, '130306'),
    (1197, 'CHEPEN', 116, '130401'),
    (1198, 'PACANGA', 116, '130402'),
    (1199, 'PUEBLO NUEVO', 116, '130403'),
    (1200, 'JULCAN', 117, '130501');
GO

INSERT INTO core.distritos (id, nombre, provincia_id, ubigeo)
VALUES
    (1201, 'CALAMARCA', 117, '130502'),
    (1202, 'CARABAMBA', 117, '130503'),
    (1203, 'HUASO', 117, '130504'),
    (1204, 'OTUZCO', 118, '130601'),
    (1205, 'AGALLPAMPA', 118, '130602'),
    (1206, 'CHARAT', 118, '130604'),
    (1207, 'HUARANCHAL', 118, '130605'),
    (1208, 'LA CUESTA', 118, '130606'),
    (1209, 'MACHE', 118, '130608'),
    (1210, 'PARANDAY', 118, '130610'),
    (1211, 'SALPO', 118, '130611'),
    (1212, 'SINSICAP', 118, '130613'),
    (1213, 'USQUIL', 118, '130614'),
    (1214, 'SAN PEDRO DE LLOC', 119, '130701'),
    (1215, 'GUADALUPE', 119, '130702'),
    (1216, 'JEQUETEPEQUE', 119, '130703'),
    (1217, 'PACASMAYO', 119, '130704'),
    (1218, 'SAN JOSE', 119, '130705'),
    (1219, 'TAYABAMBA', 120, '130801'),
    (1220, 'BULDIBUYO', 120, '130802'),
    (1221, 'CHILLIA', 120, '130803'),
    (1222, 'HUANCASPATA', 120, '130804'),
    (1223, 'HUAYLILLAS', 120, '130805'),
    (1224, 'HUAYO', 120, '130806'),
    (1225, 'ONGON', 120, '130807'),
    (1226, 'PARCOY', 120, '130808'),
    (1227, 'PATAZ', 120, '130809'),
    (1228, 'PIAS', 120, '130810'),
    (1229, 'SANTIAGO DE CHALLAS', 120, '130811'),
    (1230, 'TAURIJA', 120, '130812'),
    (1231, 'URPAY', 120, '130813'),
    (1232, 'HUAMACHUCO', 121, '130901'),
    (1233, 'CHUGAY', 121, '130902'),
    (1234, 'COCHORCO', 121, '130903'),
    (1235, 'CURGOS', 121, '130904'),
    (1236, 'MARCABAL', 121, '130905'),
    (1237, 'SANAGORAN', 121, '130906'),
    (1238, 'SARIN', 121, '130907'),
    (1239, 'SARTIMBAMBA', 121, '130908'),
    (1240, 'SANTIAGO DE CHUCO', 122, '131001'),
    (1241, 'ANGASMARCA', 122, '131002'),
    (1242, 'CACHICADAN', 122, '131003'),
    (1243, 'MOLLEBAMBA', 122, '131004'),
    (1244, 'MOLLEPATA', 122, '131005'),
    (1245, 'QUIRUVILCA', 122, '131006'),
    (1246, 'SANTA CRUZ DE CHUCA', 122, '131007'),
    (1247, 'SITABAMBA', 122, '131008'),
    (1248, 'CASCAS', 123, '131101'),
    (1249, 'LUCMA', 123, '131102'),
    (1250, 'MARMOT', 123, '131103'),
    (1251, 'SAYAPULLO', 123, '131104'),
    (1252, 'VIRU', 124, '131201'),
    (1253, 'CHAO', 124, '131202'),
    (1254, 'GUADALUPITO', 124, '131203'),
    (1255, 'CHICLAYO', 125, '140101'),
    (1256, 'CHONGOYAPE', 125, '140102'),
    (1257, 'ETEN', 125, '140103'),
    (1258, 'ETEN PUERTO', 125, '140104'),
    (1259, 'JOSE LEONARDO ORTIZ', 125, '140105'),
    (1260, 'LA VICTORIA', 125, '140106'),
    (1261, 'LAGUNAS', 125, '140107'),
    (1262, 'MONSEFU', 125, '140108'),
    (1263, 'NUEVA ARICA', 125, '140109'),
    (1264, 'OYOTUN', 125, '140110'),
    (1265, 'PICSI', 125, '140111'),
    (1266, 'PIMENTEL', 125, '140112'),
    (1267, 'REQUE', 125, '140113'),
    (1268, 'SANTA ROSA', 125, '140114'),
    (1269, 'SAÑA', 125, '140115'),
    (1270, 'CAYALTI', 125, '140116'),
    (1271, 'PATAPO', 125, '140117'),
    (1272, 'POMALCA', 125, '140118'),
    (1273, 'PUCALA', 125, '140119'),
    (1274, 'TUMAN', 125, '140120'),
    (1275, 'FERREÑAFE', 126, '140201'),
    (1276, 'CAÑARIS', 126, '140202'),
    (1277, 'INCAHUASI', 126, '140203'),
    (1278, 'MANUEL ANTONIO MESONES MURO', 126, '140204'),
    (1279, 'PITIPO', 126, '140205'),
    (1280, 'PUEBLO NUEVO', 126, '140206'),
    (1281, 'LAMBAYEQUE', 127, '140301'),
    (1282, 'CHOCHOPE', 127, '140302'),
    (1283, 'ILLIMO', 127, '140303'),
    (1284, 'JAYANCA', 127, '140304'),
    (1285, 'MOCHUMI', 127, '140305'),
    (1286, 'MORROPE', 127, '140306'),
    (1287, 'MOTUPE', 127, '140307'),
    (1288, 'OLMOS', 127, '140308'),
    (1289, 'PACORA', 127, '140309'),
    (1290, 'SALAS', 127, '140310'),
    (1291, 'SAN JOSE', 127, '140311'),
    (1292, 'TUCUME', 127, '140312'),
    (1293, 'LIMA', 128, '150101'),
    (1294, 'ANCON', 128, '150102'),
    (1295, 'ATE', 128, '150103'),
    (1296, 'BARRANCO', 128, '150104'),
    (1297, 'BREÑA', 128, '150105'),
    (1298, 'CARABAYLLO', 128, '150106'),
    (1299, 'CHACLACAYO', 128, '150107'),
    (1300, 'CHORRILLOS', 128, '150108');
GO

INSERT INTO core.distritos (id, nombre, provincia_id, ubigeo)
VALUES
    (1301, 'CIENEGUILLA', 128, '150109'),
    (1302, 'COMAS', 128, '150110'),
    (1303, 'EL AGUSTINO', 128, '150111'),
    (1304, 'INDEPENDENCIA', 128, '150112'),
    (1305, 'JESUS MARIA', 128, '150113'),
    (1306, 'LA MOLINA', 128, '150114'),
    (1307, 'LA VICTORIA', 128, '150115'),
    (1308, 'LINCE', 128, '150116'),
    (1309, 'LOS OLIVOS', 128, '150117'),
    (1310, 'LURIGANCHO', 128, '150118'),
    (1311, 'LURIN', 128, '150119'),
    (1312, 'MAGDALENA DEL MAR', 128, '150120'),
    (1313, 'PUEBLO LIBRE', 128, '150121'),
    (1314, 'MIRAFLORES', 128, '150122'),
    (1315, 'PACHACAMAC', 128, '150123'),
    (1316, 'PUCUSANA', 128, '150124'),
    (1317, 'PUENTE PIEDRA', 128, '150125'),
    (1318, 'PUNTA HERMOSA', 128, '150126'),
    (1319, 'PUNTA NEGRA', 128, '150127'),
    (1320, 'RIMAC', 128, '150128'),
    (1321, 'SAN BARTOLO', 128, '150129'),
    (1322, 'SAN BORJA', 128, '150130'),
    (1323, 'SAN ISIDRO', 128, '150131'),
    (1324, 'SAN JUAN DE LURIGANCHO', 128, '150132'),
    (1325, 'SAN JUAN DE MIRAFLORES', 128, '150133'),
    (1326, 'SAN LUIS', 128, '150134'),
    (1327, 'SAN MARTIN DE PORRES', 128, '150135'),
    (1328, 'SAN MIGUEL', 128, '150136'),
    (1329, 'SANTA ANITA', 128, '150137'),
    (1330, 'SANTA MARIA DEL MAR', 128, '150138'),
    (1331, 'SANTA ROSA', 128, '150139'),
    (1332, 'SANTIAGO DE SURCO', 128, '150140'),
    (1333, 'SURQUILLO', 128, '150141'),
    (1334, 'VILLA EL SALVADOR', 128, '150142'),
    (1335, 'VILLA MARIA DEL TRIUNFO', 128, '150143'),
    (1336, 'SANTA MARIA DE HUACHIPA', 128, '150144'),
    (1337, 'BARRANCA', 129, '150201'),
    (1338, 'PARAMONGA', 129, '150202'),
    (1339, 'PATIVILCA', 129, '150203'),
    (1340, 'SUPE', 129, '150204'),
    (1341, 'SUPE PUERTO', 129, '150205'),
    (1342, 'CAJATAMBO', 130, '150301'),
    (1343, 'COPA', 130, '150302'),
    (1344, 'GORGOR', 130, '150303'),
    (1345, 'HUANCAPON', 130, '150304'),
    (1346, 'MANAS', 130, '150305'),
    (1347, 'CANTA', 131, '150401'),
    (1348, 'ARAHUAY', 131, '150402'),
    (1349, 'HUAMANTANGA', 131, '150403'),
    (1350, 'HUAROS', 131, '150404'),
    (1351, 'LACHAQUI', 131, '150405'),
    (1352, 'SAN BUENAVENTURA', 131, '150406'),
    (1353, 'SANTA ROSA DE QUIVES', 131, '150407'),
    (1354, 'SAN VICENTE DE CAÑETE', 132, '150501'),
    (1355, 'ASIA', 132, '150502'),
    (1356, 'CALANGO', 132, '150503'),
    (1357, 'CERRO AZUL', 132, '150504'),
    (1358, 'CHILCA', 132, '150505'),
    (1359, 'COAYLLO', 132, '150506'),
    (1360, 'IMPERIAL', 132, '150507'),
    (1361, 'LUNAHUANA', 132, '150508'),
    (1362, 'MALA', 132, '150509'),
    (1363, 'NUEVO IMPERIAL', 132, '150510'),
    (1364, 'PACARAN', 132, '150511'),
    (1365, 'QUILMANA', 132, '150512'),
    (1366, 'SAN ANTONIO', 132, '150513'),
    (1367, 'SAN LUIS', 132, '150514'),
    (1368, 'SANTA CRUZ DE FLORES', 132, '150515'),
    (1369, 'ZUÑIGA', 132, '150516'),
    (1370, 'HUARAL', 133, '150601'),
    (1371, 'ATAVILLOS ALTO', 133, '150602'),
    (1372, 'ATAVILLOS BAJO', 133, '150603'),
    (1373, 'AUCALLAMA', 133, '150604'),
    (1374, 'CHANCAY', 133, '150605'),
    (1375, 'IHUARI', 133, '150606'),
    (1376, 'LAMPIAN', 133, '150607'),
    (1377, 'PACARAOS', 133, '150608'),
    (1378, 'SAN MIGUEL DE ACOS', 133, '150609'),
    (1379, 'SANTA CRUZ DE ANDAMARCA', 133, '150610'),
    (1380, 'SUMBILCA', 133, '150611'),
    (1381, 'VEINTISIETE DE NOVIEMBRE', 133, '150612'),
    (1382, 'MATUCANA', 134, '150701'),
    (1383, 'ANTIOQUIA', 134, '150702'),
    (1384, 'CALLAHUANCA', 134, '150703'),
    (1385, 'CARAMPOMA', 134, '150704'),
    (1386, 'CHICLA', 134, '150705'),
    (1387, 'CUENCA', 134, '150706'),
    (1388, 'HUACHUPAMPA', 134, '150707'),
    (1389, 'HUANZA', 134, '150708'),
    (1390, 'HUAROCHIRI', 134, '150709'),
    (1391, 'LAHUAYTAMBO', 134, '150710'),
    (1392, 'LANGA', 134, '150711'),
    (1393, 'LARAOS', 134, '150712'),
    (1394, 'MARIATANA', 134, '150713'),
    (1395, 'RICARDO PALMA', 134, '150714'),
    (1396, 'SAN ANDRES DE TUPICOCHA', 134, '150715'),
    (1397, 'SAN ANTONIO', 134, '150716'),
    (1398, 'SAN BARTOLOME', 134, '150717'),
    (1399, 'SAN DAMIAN', 134, '150718'),
    (1400, 'SAN JUAN DE IRIS', 134, '150719');
GO

INSERT INTO core.distritos (id, nombre, provincia_id, ubigeo)
VALUES
    (1401, 'SAN JUAN DE TANTARANCHE', 134, '150720'),
    (1402, 'SAN LORENZO DE QUINTI', 134, '150721'),
    (1403, 'SAN MATEO', 134, '150722'),
    (1404, 'SAN MATEO DE OTAO', 134, '150723'),
    (1405, 'SAN PEDRO DE CASTA', 134, '150724'),
    (1406, 'SAN PEDRO DE HUANCAYRE', 134, '150725'),
    (1407, 'SANGALLAYA', 134, '150726'),
    (1408, 'SANTA CRUZ DE COCACHACRA', 134, '150727'),
    (1409, 'SANTA EULALIA', 134, '150728'),
    (1410, 'SANTIAGO DE ANCHUCAYA', 134, '150729'),
    (1411, 'SANTIAGO DE TUNA', 134, '150730'),
    (1412, 'SANTO DOMINGO DE LOS OLLEROS', 134, '150731'),
    (1413, 'SURCO', 134, '150732'),
    (1414, 'HUACHO', 135, '150801'),
    (1415, 'AMBAR', 135, '150802'),
    (1416, 'CALETA DE CARQUIN', 135, '150803'),
    (1417, 'CHECRAS', 135, '150804'),
    (1418, 'HUALMAY', 135, '150805'),
    (1419, 'HUAURA', 135, '150806'),
    (1420, 'LEONCIO PRADO', 135, '150807'),
    (1421, 'PACCHO', 135, '150808'),
    (1422, 'SANTA LEONOR', 135, '150809'),
    (1423, 'SANTA MARIA', 135, '150810'),
    (1424, 'SAYAN', 135, '150811'),
    (1425, 'VEGUETA', 135, '150812'),
    (1426, 'OYON', 136, '150901'),
    (1427, 'ANDAJES', 136, '150902'),
    (1428, 'CAUJUL', 136, '150903'),
    (1429, 'COCHAMARCA', 136, '150904'),
    (1430, 'NAVAN', 136, '150905'),
    (1431, 'PACHANGARA', 136, '150906'),
    (1432, 'YAUYOS', 137, '151001'),
    (1433, 'ALIS', 137, '151002'),
    (1434, 'AYAUCA', 137, '151003'),
    (1435, 'AYAVIRI', 137, '151004'),
    (1436, 'AZANGARO', 137, '151005'),
    (1437, 'CACRA', 137, '151006'),
    (1438, 'CARANIA', 137, '151007'),
    (1439, 'CATAHUASI', 137, '151008'),
    (1440, 'CHOCOS', 137, '151009'),
    (1441, 'COCHAS', 137, '151010'),
    (1442, 'COLONIA', 137, '151011'),
    (1443, 'HONGOS', 137, '151012'),
    (1444, 'HUAMPARA', 137, '151013'),
    (1445, 'HUANCAYA', 137, '151014'),
    (1446, 'HUANGASCAR', 137, '151015'),
    (1447, 'HUANTAN', 137, '151016'),
    (1448, 'HUAÑEC', 137, '151017'),
    (1449, 'LARAOS', 137, '151018'),
    (1450, 'LINCHA', 137, '151019'),
    (1451, 'MADEAN', 137, '151020'),
    (1452, 'MIRAFLORES', 137, '151021'),
    (1453, 'OMAS', 137, '151022'),
    (1454, 'PUTINZA', 137, '151023'),
    (1455, 'QUINCHES', 137, '151024'),
    (1456, 'QUINOCAY', 137, '151025'),
    (1457, 'SAN JOAQUIN', 137, '151026'),
    (1458, 'SAN PEDRO DE PILAS', 137, '151027'),
    (1459, 'TANTA', 137, '151028'),
    (1460, 'TAURIPAMPA', 137, '151029'),
    (1461, 'TOMAS', 137, '151030'),
    (1462, 'TUPE', 137, '151031'),
    (1463, 'VIÑAC', 137, '151032'),
    (1464, 'VITIS', 137, '151033'),
    (1465, 'IQUITOS', 138, '160101'),
    (1466, 'ALTO NANAY', 138, '160102'),
    (1467, 'FERNANDO LORES', 138, '160103'),
    (1468, 'INDIANA', 138, '160104'),
    (1469, 'LAS AMAZONAS', 138, '160105'),
    (1470, 'MAZAN', 138, '160106'),
    (1471, 'NAPO', 138, '160107'),
    (1472, 'PUNCHANA', 138, '160108'),
    (1473, 'PUTUMAYO', 138, '160109'),
    (1474, 'TORRES CAUSANA', 138, '160110'),
    (1475, 'BELEN', 138, '160112'),
    (1476, 'SAN JUAN BAUTISTA', 138, '160113'),
    (1477, 'TENIENTE MANUEL CLAVERO', 138, '160114'),
    (1478, 'YURIMAGUAS', 139, '160201'),
    (1479, 'BALSAPUERTO', 139, '160202'),
    (1480, 'JEBEROS', 139, '160205'),
    (1481, 'LAGUNAS', 139, '160206'),
    (1482, 'SANTA CRUZ', 139, '160210'),
    (1483, 'TENIENTE CESAR LOPEZ ROJAS', 139, '160211'),
    (1484, 'NAUTA', 140, '160301'),
    (1485, 'PARINARI', 140, '160302'),
    (1486, 'TIGRE', 140, '160303'),
    (1487, 'TROMPETEROS', 140, '160304'),
    (1488, 'URARINAS', 140, '160305'),
    (1489, 'RAMON CASTILLA', 141, '160401'),
    (1490, 'PEBAS', 141, '160402'),
    (1491, 'YAVARI', 141, '160403'),
    (1492, 'SAN PABLO', 141, '160404'),
    (1493, 'REQUENA', 142, '160501'),
    (1494, 'ALTO TAPICHE', 142, '160502'),
    (1495, 'CAPELO', 142, '160503'),
    (1496, 'EMILIO SAN MARTIN', 142, '160504'),
    (1497, 'MAQUIA', 142, '160505'),
    (1498, 'PUINAHUA', 142, '160506'),
    (1499, 'SAQUENA', 142, '160507'),
    (1500, 'SOPLIN', 142, '160508');
GO

INSERT INTO core.distritos (id, nombre, provincia_id, ubigeo)
VALUES
    (1501, 'TAPICHE', 142, '160509'),
    (1502, 'JENARO HERRERA', 142, '160510'),
    (1503, 'YAQUERANA', 142, '160511'),
    (1504, 'CONTAMANA', 143, '160601'),
    (1505, 'INAHUAYA', 143, '160602'),
    (1506, 'PADRE MARQUEZ', 143, '160603'),
    (1507, 'PAMPA HERMOSA', 143, '160604'),
    (1508, 'SARAYACU', 143, '160605'),
    (1509, 'VARGAS GUERRA', 143, '160606'),
    (1510, 'BARRANCA', 144, '160701'),
    (1511, 'CAHUAPANAS', 144, '160702'),
    (1512, 'MANSERICHE', 144, '160703'),
    (1513, 'MORONA', 144, '160704'),
    (1514, 'PASTAZA', 144, '160705'),
    (1515, 'ANDOAS', 144, '160706'),
    (1516, 'PUTUMAYO', 145, '160801'),
    (1517, 'ROSA PANDURO', 145, '160802'),
    (1518, 'TENIENTE MANUEL CLAVERO', 145, '160803'),
    (1519, 'YAGUAS', 145, '160804'),
    (1520, 'TAMBOPATA', 146, '170101'),
    (1521, 'INAMBARI', 146, '170102'),
    (1522, 'LAS PIEDRAS', 146, '170103'),
    (1523, 'LABERINTO', 146, '170104'),
    (1524, 'MANU', 147, '170201'),
    (1525, 'FITZCARRALD', 147, '170202'),
    (1526, 'MADRE DE DIOS', 147, '170203'),
    (1527, 'HUEPETUHE', 147, '170204'),
    (1528, 'IÑAPARI', 148, '170301'),
    (1529, 'IBERIA', 148, '170302'),
    (1530, 'TAHUAMANU', 148, '170303'),
    (1531, 'MOQUEGUA', 149, '180101'),
    (1532, 'CARUMAS', 149, '180102'),
    (1533, 'CUCHUMBAYA', 149, '180103'),
    (1534, 'SAMEGUA', 149, '180104'),
    (1535, 'SAN CRISTOBAL', 149, '180105'),
    (1536, 'TORATA', 149, '180106'),
    (1537, 'OMATE', 150, '180201'),
    (1538, 'CHOJATA', 150, '180202'),
    (1539, 'COALAQUE', 150, '180203'),
    (1540, 'ICHUÑA', 150, '180204'),
    (1541, 'LA CAPILLA', 150, '180205'),
    (1542, 'LLOQUE', 150, '180206'),
    (1543, 'MATALAQUE', 150, '180207'),
    (1544, 'PUQUINA', 150, '180208'),
    (1545, 'QUINISTAQUILLAS', 150, '180209'),
    (1546, 'UBINAS', 150, '180210'),
    (1547, 'YUNGA', 150, '180211'),
    (1548, 'ILO', 151, '180301'),
    (1549, 'EL ALGARROBAL', 151, '180302'),
    (1550, 'PACOCHA', 151, '180303'),
    (1551, 'CHAUPIMARCA', 152, '190101'),
    (1552, 'HUACHON', 152, '190102'),
    (1553, 'HUARIACA', 152, '190103'),
    (1554, 'HUAYLLAY', 152, '190104'),
    (1555, 'NINACACA', 152, '190105'),
    (1556, 'PALLANCHACRA', 152, '190106'),
    (1557, 'PAUCARTAMBO', 152, '190107'),
    (1558, 'SAN FRANCISCO DE ASIS DE YARUSYACAN', 152, '190108'),
    (1559, 'SIMON BOLIVAR', 152, '190109'),
    (1560, 'TICLACAYAN', 152, '190110'),
    (1561, 'TINYAHUARCO', 152, '190111'),
    (1562, 'VICCO', 152, '190112'),
    (1563, 'YANACANCHA', 152, '190113'),
    (1564, 'YANAHUANCA', 153, '190201'),
    (1565, 'CHACAYAN', 153, '190202'),
    (1566, 'GOYLLARISQUIZGA', 153, '190203'),
    (1567, 'PAUCAR', 153, '190204'),
    (1568, 'SAN PEDRO DE PILLAO', 153, '190205'),
    (1569, 'SANTA ANA DE TUSI', 153, '190206'),
    (1570, 'TAPUC', 153, '190207'),
    (1571, 'VILCABAMBA', 153, '190208'),
    (1572, 'OXAPAMPA', 154, '190301'),
    (1573, 'CHONTABAMBA', 154, '190302'),
    (1574, 'HUANCABAMBA', 154, '190303'),
    (1575, 'PALCAZU', 154, '190304'),
    (1576, 'POZUZO', 154, '190305'),
    (1577, 'PUERTO BERMUDEZ', 154, '190306'),
    (1578, 'VILLA RICA', 154, '190307'),
    (1579, 'CONSTITUCION', 154, '190308'),
    (1580, 'PIURA', 155, '200101'),
    (1581, 'CASTILLA', 155, '200104'),
    (1582, 'CATACAOS', 155, '200105'),
    (1583, 'CURA MORI', 155, '200107'),
    (1584, 'EL TALLAN', 155, '200108'),
    (1585, 'LA ARENA', 155, '200109'),
    (1586, 'LA UNION', 155, '200110'),
    (1587, 'LAS LOMAS', 155, '200111'),
    (1588, 'TAMBO GRANDE', 155, '200114'),
    (1589, 'VEINTISEIS DE OCTUBRE', 155, '200115'),
    (1590, 'AYABACA', 156, '200201'),
    (1591, 'FRIAS', 156, '200202'),
    (1592, 'JILILI', 156, '200203'),
    (1593, 'LAGUNAS', 156, '200204'),
    (1594, 'MONTERO', 156, '200205'),
    (1595, 'PACAIPAMPA', 156, '200206'),
    (1596, 'PAIMAS', 156, '200207'),
    (1597, 'SAPILLICA', 156, '200208'),
    (1598, 'SICCHEZ', 156, '200209'),
    (1599, 'SUYO', 156, '200210'),
    (1600, 'HUANCABAMBA', 157, '200301');
GO

INSERT INTO core.distritos (id, nombre, provincia_id, ubigeo)
VALUES
    (1601, 'CANCHAQUE', 157, '200302'),
    (1602, 'EL CARMEN DE LA FRONTERA', 157, '200303'),
    (1603, 'HUARMACA', 157, '200304'),
    (1604, 'LALAQUIZ', 157, '200305'),
    (1605, 'SAN MIGUEL DE EL FAIQUE', 157, '200306'),
    (1606, 'SONDOR', 157, '200307'),
    (1607, 'SONDORILLO', 157, '200308'),
    (1608, 'CHULUCANAS', 158, '200401'),
    (1609, 'BUENOS AIRES', 158, '200402'),
    (1610, 'CHALACO', 158, '200403'),
    (1611, 'LA MATANZA', 158, '200404'),
    (1612, 'MORROPON', 158, '200405'),
    (1613, 'SALITRAL', 158, '200406'),
    (1614, 'SAN JUAN DE BIGOTE', 158, '200407'),
    (1615, 'SANTA CATALINA DE MOSSA', 158, '200408'),
    (1616, 'SANTO DOMINGO', 158, '200409'),
    (1617, 'YAMANGO', 158, '200410'),
    (1618, 'PAITA', 159, '200501'),
    (1619, 'AMOTAPE', 159, '200502'),
    (1620, 'ARENAL', 159, '200503'),
    (1621, 'COLAN', 159, '200504'),
    (1622, 'LA HUACA', 159, '200505'),
    (1623, 'TAMARINDO', 159, '200506'),
    (1624, 'VICHAYAL', 159, '200507'),
    (1625, 'SULLANA', 160, '200601'),
    (1626, 'BELLAVISTA', 160, '200602'),
    (1627, 'IGNACIO ESCUDERO', 160, '200603'),
    (1628, 'LANCONES', 160, '200604'),
    (1629, 'MARCAVELICA', 160, '200605'),
    (1630, 'MIGUEL CHECA', 160, '200606'),
    (1631, 'QUERECOTILLO', 160, '200607'),
    (1632, 'SALITRAL', 160, '200608'),
    (1633, 'PARIÑAS', 161, '200701'),
    (1634, 'EL ALTO', 161, '200702'),
    (1635, 'LA BREA', 161, '200703'),
    (1636, 'LOBITOS', 161, '200704'),
    (1637, 'LOS ORGANOS', 161, '200705'),
    (1638, 'MANCORA', 161, '200706'),
    (1639, 'SECHURA', 162, '200801'),
    (1640, 'BELLAVISTA DE LA UNION', 162, '200802'),
    (1641, 'BERNAL', 162, '200803'),
    (1642, 'CRISTO NOS VALGA', 162, '200804'),
    (1643, 'VICE', 162, '200805'),
    (1644, 'RINCONADA LLICUAR', 162, '200806'),
    (1645, 'PUNO', 163, '210101'),
    (1646, 'ACORA', 163, '210102'),
    (1647, 'AMANTANI', 163, '210103'),
    (1648, 'ATUNCOLLA', 163, '210104'),
    (1649, 'CAPACHICA', 163, '210105'),
    (1650, 'CHUCUITO', 163, '210106'),
    (1651, 'COATA', 163, '210107'),
    (1652, 'HUATA', 163, '210108'),
    (1653, 'MAÑAZO', 163, '210109'),
    (1654, 'PAUCARCOLLA', 163, '210110'),
    (1655, 'PICHACANI', 163, '210111'),
    (1656, 'PLATERIA', 163, '210112'),
    (1657, 'SAN ANTONIO', 163, '210113'),
    (1658, 'TIQUILLACA', 163, '210114'),
    (1659, 'VILQUE', 163, '210115'),
    (1660, 'AZANGARO', 164, '210201'),
    (1661, 'ACHAYA', 164, '210202'),
    (1662, 'ARAPA', 164, '210203'),
    (1663, 'ASILLO', 164, '210204'),
    (1664, 'CAMINACA', 164, '210205'),
    (1665, 'CHUPA', 164, '210206'),
    (1666, 'JOSE DOMINGO CHOQUEHUANCA', 164, '210207'),
    (1667, 'MUÑANI', 164, '210208'),
    (1668, 'POTONI', 164, '210209'),
    (1669, 'SAMAN', 164, '210210'),
    (1670, 'SAN ANTON', 164, '210211'),
    (1671, 'SAN JOSE', 164, '210212'),
    (1672, 'SAN JUAN DE SALINAS', 164, '210213'),
    (1673, 'SANTIAGO DE PUPUJA', 164, '210214'),
    (1674, 'TIRAPATA', 164, '210215'),
    (1675, 'MACUSANI', 165, '210301'),
    (1676, 'AJOYANI', 165, '210302'),
    (1677, 'AYAPATA', 165, '210303'),
    (1678, 'COASA', 165, '210304'),
    (1679, 'CORANI', 165, '210305'),
    (1680, 'CRUCERO', 165, '210306'),
    (1681, 'ITUATA', 165, '210307'),
    (1682, 'OLLACHEA', 165, '210308'),
    (1683, 'SAN GABAN', 165, '210309'),
    (1684, 'USICAYOS', 165, '210310'),
    (1685, 'JULI', 166, '210401'),
    (1686, 'DESAGUADERO', 166, '210402'),
    (1687, 'HUACULLANI', 166, '210403'),
    (1688, 'KELLUYO', 166, '210404'),
    (1689, 'PISACOMA', 166, '210405'),
    (1690, 'POMATA', 166, '210406'),
    (1691, 'ZEPITA', 166, '210407'),
    (1692, 'ILAVE', 167, '210501'),
    (1693, 'CAPAZO', 167, '210502'),
    (1694, 'PILCUYO', 167, '210503'),
    (1695, 'SANTA ROSA', 167, '210504'),
    (1696, 'CONDURIRI', 167, '210505'),
    (1697, 'HUANCANE', 168, '210601'),
    (1698, 'COJATA', 168, '210602'),
    (1699, 'HUATASANI', 168, '210603'),
    (1700, 'INCHUPALLA', 168, '210604');
GO

INSERT INTO core.distritos (id, nombre, provincia_id, ubigeo)
VALUES
    (1701, 'PUSI', 168, '210605'),
    (1702, 'ROSASPATA', 168, '210606'),
    (1703, 'TARACO', 168, '210607'),
    (1704, 'VILQUE CHICO', 168, '210608'),
    (1705, 'LAMPA', 169, '210701'),
    (1706, 'CABANILLA', 169, '210702'),
    (1707, 'CALAPUJA', 169, '210703'),
    (1708, 'NICASIO', 169, '210704'),
    (1709, 'OCUVIRI', 169, '210705'),
    (1710, 'PALCA', 169, '210706'),
    (1711, 'PARATIA', 169, '210707'),
    (1712, 'PUCARA', 169, '210708'),
    (1713, 'SANTA LUCIA', 169, '210709'),
    (1714, 'VILAVILA', 169, '210710'),
    (1715, 'AYAVIRI', 170, '210801'),
    (1716, 'ANTAUTA', 170, '210802'),
    (1717, 'CUPI', 170, '210803'),
    (1718, 'LLALLI', 170, '210804'),
    (1719, 'MACARI', 170, '210805'),
    (1720, 'NUÑOA', 170, '210806'),
    (1721, 'ORURILLO', 170, '210807'),
    (1722, 'SANTA ROSA', 170, '210808'),
    (1723, 'UMACHIRI', 170, '210809'),
    (1724, 'MOHO', 171, '210901'),
    (1725, 'CONIMA', 171, '210902'),
    (1726, 'HUAYRAPATA', 171, '210903'),
    (1727, 'TILALI', 171, '210904'),
    (1728, 'PUTINA', 172, '211001'),
    (1729, 'ANANEA', 172, '211002'),
    (1730, 'PEDRO VILCA APAZA', 172, '211003'),
    (1731, 'QUILCAPUNCU', 172, '211004'),
    (1732, 'SINA', 172, '211005'),
    (1733, 'JULIACA', 173, '211101'),
    (1734, 'CABANA', 173, '211102'),
    (1735, 'CABANILLAS', 173, '211103'),
    (1736, 'CARACOTO', 173, '211104'),
    (1737, 'SAN MIGUEL', 173, '211105'),
    (1738, 'SANDIA', 174, '211201'),
    (1739, 'CUYOCUYO', 174, '211202'),
    (1740, 'LIMBANI', 174, '211203'),
    (1741, 'PATAMBUCO', 174, '211204'),
    (1742, 'PHARA', 174, '211205'),
    (1743, 'QUIACA', 174, '211206'),
    (1744, 'SAN JUAN DEL ORO', 174, '211207'),
    (1745, 'YANAHUAYA', 174, '211208'),
    (1746, 'ALTO INAMBARI', 174, '211209'),
    (1747, 'SAN PEDRO DE PUTINA PUNCO', 174, '211210'),
    (1748, 'YUNGUYO', 175, '211301'),
    (1749, 'ANAPIA', 175, '211302'),
    (1750, 'COPANI', 175, '211303'),
    (1751, 'CUTURAPI', 175, '211304'),
    (1752, 'OLLARAYA', 175, '211305'),
    (1753, 'TINICACHI', 175, '211306'),
    (1754, 'UNICACHI', 175, '211307'),
    (1755, 'MOYOBAMBA', 176, '220101'),
    (1756, 'CALZADA', 176, '220102'),
    (1757, 'HABANA', 176, '220103'),
    (1758, 'JEPELACIO', 176, '220104'),
    (1759, 'SORITOR', 176, '220105'),
    (1760, 'YANTALO', 176, '220106'),
    (1761, 'BELLAVISTA', 177, '220201'),
    (1762, 'ALTO BIAVO', 177, '220202'),
    (1763, 'BAJO BIAVO', 177, '220203'),
    (1764, 'HUALLAGA', 177, '220204'),
    (1765, 'SAN PABLO', 177, '220205'),
    (1766, 'SAN RAFAEL', 177, '220206'),
    (1767, 'SAN JOSE DE SISA', 178, '220301'),
    (1768, 'AGUA BLANCA', 178, '220302'),
    (1769, 'SAN MARTIN', 178, '220303'),
    (1770, 'SANTA ROSA', 178, '220304'),
    (1771, 'SHATOJA', 178, '220305'),
    (1772, 'SAPOSOA', 179, '220401'),
    (1773, 'ALTO SAPOSOA', 179, '220402'),
    (1774, 'EL ESLABON', 179, '220403'),
    (1775, 'PISCOYACU', 179, '220404'),
    (1776, 'SACANCHE', 179, '220405'),
    (1777, 'TINGO DE SAPOSOA', 179, '220406'),
    (1778, 'LAMAS', 180, '220501'),
    (1779, 'ALONSO DE ALVARADO', 180, '220502'),
    (1780, 'BARRANQUITA', 180, '220503'),
    (1781, 'CAYNARACHI', 180, '220504'),
    (1782, 'CUÑUMBUQUI', 180, '220505'),
    (1783, 'PINTO RECODO', 180, '220506'),
    (1784, 'RUMISAPA', 180, '220507'),
    (1785, 'SAN ROQUE DE CUMBAZA', 180, '220508'),
    (1786, 'SHANAO', 180, '220509'),
    (1787, 'TABALOSOS', 180, '220510'),
    (1788, 'ZAPATERO', 180, '220511'),
    (1789, 'JUANJUI', 181, '220601'),
    (1790, 'CAMPANILLA', 181, '220602'),
    (1791, 'HUICUNGO', 181, '220603'),
    (1792, 'PACHIZA', 181, '220604'),
    (1793, 'PAJARILLO', 181, '220605'),
    (1794, 'PICOTA', 182, '220701'),
    (1795, 'BUENOS AIRES', 182, '220702'),
    (1796, 'CASPISAPA', 182, '220703'),
    (1797, 'PILLUANA', 182, '220704'),
    (1798, 'PUCACACA', 182, '220705'),
    (1799, 'SAN CRISTOBAL', 182, '220706'),
    (1800, 'SAN HILARION', 182, '220707');
GO

INSERT INTO core.distritos (id, nombre, provincia_id, ubigeo)
VALUES
    (1801, 'SHAMBOYACU', 182, '220708'),
    (1802, 'TINGO DE PONASA', 182, '220709'),
    (1803, 'TRES UNIDOS', 182, '220710'),
    (1804, 'RIOJA', 183, '220801'),
    (1805, 'AWAJUN', 183, '220802'),
    (1806, 'ELIAS SOPLIN VARGAS', 183, '220803'),
    (1807, 'NUEVA CAJAMARCA', 183, '220804'),
    (1808, 'PARDO MIGUEL', 183, '220805'),
    (1809, 'POSIC', 183, '220806'),
    (1810, 'SAN FERNANDO', 183, '220807'),
    (1811, 'YORONGOS', 183, '220808'),
    (1812, 'YURACYACU', 183, '220809'),
    (1813, 'TARAPOTO', 184, '220901'),
    (1814, 'ALBERTO LEVEAU', 184, '220902'),
    (1815, 'CACATACHI', 184, '220903'),
    (1816, 'CHAZUTA', 184, '220904'),
    (1817, 'CHIPURANA', 184, '220905'),
    (1818, 'EL PORVENIR', 184, '220906'),
    (1819, 'HUIMBAYOC', 184, '220907'),
    (1820, 'JUAN GUERRA', 184, '220908'),
    (1821, 'LA BANDA DE SHILCAYO', 184, '220909'),
    (1822, 'MORALES', 184, '220910'),
    (1823, 'PAPAPLAYA', 184, '220911'),
    (1824, 'SAN ANTONIO', 184, '220912'),
    (1825, 'SAUCE', 184, '220913'),
    (1826, 'SHAPAJA', 184, '220914'),
    (1827, 'TOCACHE', 185, '221001'),
    (1828, 'NUEVO PROGRESO', 185, '221002'),
    (1829, 'POLVORA', 185, '221003'),
    (1830, 'SHUNTE', 185, '221004'),
    (1831, 'UCHIZA', 185, '221005'),
    (1832, 'SANTA LUCIA', 185, '221006'),
    (1833, 'TACNA', 186, '230101'),
    (1834, 'ALTO DE LA ALIANZA', 186, '230102'),
    (1835, 'CALANA', 186, '230103'),
    (1836, 'CIUDAD NUEVA', 186, '230104'),
    (1837, 'INCLAN', 186, '230105'),
    (1838, 'PACHIA', 186, '230106'),
    (1839, 'PALCA', 186, '230107'),
    (1840, 'POCOLLAY', 186, '230108'),
    (1841, 'SAMA', 186, '230109'),
    (1842, 'CORONEL GREGORIO ALBARRACIN LANCHIPA', 186, '230110'),
    (1843, 'LA YARADA LOS PALOS', 186, '230111'),
    (1844, 'CANDARAVE', 187, '230201'),
    (1845, 'CAIRANI', 187, '230202'),
    (1846, 'CAMILACA', 187, '230203'),
    (1847, 'CURIBAYA', 187, '230204'),
    (1848, 'HUANUARA', 187, '230205'),
    (1849, 'QUILAHUANI', 187, '230206'),
    (1850, 'LOCUMBA', 188, '230301'),
    (1851, 'ILABAYA', 188, '230302'),
    (1852, 'ITE', 188, '230303'),
    (1853, 'TARATA', 189, '230401'),
    (1854, 'HEROES ALBARRACIN CHUCATAMANI', 189, '230402'),
    (1855, 'ESTIQUE', 189, '230403'),
    (1856, 'ESTIQUE-PAMPA', 189, '230404'),
    (1857, 'SITAJARA', 189, '230405'),
    (1858, 'SUSAPAYA', 189, '230406'),
    (1859, 'TARUCACHI', 189, '230407'),
    (1860, 'TICACO', 189, '230408'),
    (1861, 'TUMBES', 190, '240101'),
    (1862, 'CORRALES', 190, '240102'),
    (1863, 'LA CRUZ', 190, '240103'),
    (1864, 'PAMPAS DE HOSPITAL', 190, '240104'),
    (1865, 'SAN JACINTO', 190, '240105'),
    (1866, 'SAN JUAN DE LA VIRGEN', 190, '240106'),
    (1867, 'ZORRITOS', 191, '240201'),
    (1868, 'CASITAS', 191, '240202'),
    (1869, 'CANOAS DE PUNTA SAL', 191, '240203'),
    (1870, 'ZARUMILLA', 192, '240301'),
    (1871, 'AGUAS VERDES', 192, '240302'),
    (1872, 'MATAPALO', 192, '240303'),
    (1873, 'PAPAYAL', 192, '240304'),
    (1874, 'CALLERIA', 193, '250101'),
    (1875, 'CAMPOVERDE', 193, '250102'),
    (1876, 'IPARIA', 193, '250103'),
    (1877, 'MASISEA', 193, '250104'),
    (1878, 'YARINACOCHA', 193, '250105'),
    (1879, 'NUEVA REQUENA', 193, '250106'),
    (1880, 'MANANTAY', 193, '250107'),
    (1881, 'RAYMONDI', 194, '250201'),
    (1882, 'SEPAHUA', 194, '250202'),
    (1883, 'TAHUANIA', 194, '250203'),
    (1884, 'YURUA', 194, '250204'),
    (1885, 'PADRE ABAD', 195, '250301'),
    (1886, 'IRAZOLA', 195, '250302'),
    (1887, 'CURIMANA', 195, '250303'),
    (1888, 'NESHUYA', 195, '250304'),
    (1889, 'ALEXANDER VON HUMBOLDT', 195, '250305'),
    (1890, 'HUIPOCA', 195, '250306'),
    (1891, 'BOQUERON', 195, '250307'),
    (1892, 'PURUS', 196, '250401');
GO

SET IDENTITY_INSERT core.distritos OFF;
GO


PRINT '✓ Distritos insertados';
GO

PRINT '';
PRINT '=====================================================';
PRINT '✓ UBIGEO COMPLETADO';
PRINT '=====================================================';
PRINT 'Resumen:';
PRINT '  - 25 Departamentos';
PRINT '  - 196 Provincias';  
PRINT '  - 1892 Distritos';
PRINT '=====================================================';
GO

-- =====================================================
-- 14. EMPLEADO
-- =====================================================
PRINT '>> Insertando Empleado Admin...';
IF NOT EXISTS (SELECT 1 FROM adm.empleados WHERE nombres = 'Admin')
BEGIN
    INSERT INTO adm.empleados (nombres, apellido_paterno, apellido_materno, fecha_nacimiento, tipo_documento, nro_documento, celular, email_personal, direccion, distrito_id, fecha_ingreso, is_active, cargo_id, area_id, departamento_id)
    VALUES 
        ('Admin', 'Sistema', 'SGI', '1990-01-01', 'DNI', '00000000', '999999999', 'admin@grupocorban.pe', 'Lima', 1293, '2020-01-01', 1, 1, 1, 1);
    PRINT '✓ Empleado Admin insertado';
END
ELSE
    PRINT '⚠ Empleado Admin ya existe';
GO

-- =====================================================
-- 15. USUARIO ADMIN
-- =====================================================

PRINT '>> Insertando Usuario Admin...';
IF NOT EXISTS (SELECT 1 FROM seg.usuarios WHERE correo_corp = 'admin@grupocorban.pe')
BEGIN
    INSERT INTO seg.usuarios (empleado_id, correo_corp, password_hash)
    VALUES 
    -- Password: admin1234 (generado con bcrypt)
        (1, 'admin@grupocorban.pe', '$2b$12$1/tg1PP/TI39uVknPx4htOsIFcLxk6.o79QhzzHDZf0Bfl6WSgwri');
    PRINT '✓ Usuario Admin insertado';
END
ELSE
    PRINT '⚠ Usuario Admin ya existe';
GO

-- =====================================================
-- 16. EMPLEADO SISTEMAS
-- =====================================================

PRINT '>> Insertando Empleado Admin...';
IF NOT EXISTS (SELECT 1 FROM adm.empleados WHERE nombres = 'Branco')
BEGIN
    INSERT INTO adm.empleados (nombres, apellido_paterno, apellido_materno, fecha_nacimiento, tipo_documento, nro_documento, celular, email_personal, direccion, distrito_id, fecha_ingreso, is_active, cargo_id, area_id, departamento_id)
    VALUES 
        ('Branco', 'Arguedas', 'Villavicencio', '1999-10-10', 'DNI', '74644489', '907740534', 'bm.arguedasv@gmail.pe', 'Lima', 1293, '2025-03-15', 1, 1, 1, 1);
    PRINT '✓ Empleado Admin insertado';
END
ELSE
    PRINT '⚠ Empleado Admin ya existe';
GO

-- =====================================================
-- 17. USUARIO SISTEMAS
-- =====================================================

PRINT '>> Insertando Usuario Admin...';
IF NOT EXISTS (SELECT 1 FROM seg.usuarios WHERE correo_corp = 'sistemas@grupocorban.pe')
BEGIN
    INSERT INTO seg.usuarios (empleado_id, correo_corp, password_hash)
    VALUES 
    -- Password: admin1234 (generado con bcrypt)
        (2, 'sistemas@grupocorban.pe', '$2b$12$1/tg1PP/TI39uVknPx4htOsIFcLxk6.o79QhzzHDZf0Bfl6WSgwri');
    PRINT '✓ Usuario Admin insertado';
END
ELSE
    PRINT '⚠ Usuario Admin ya existe';
GO

-- =====================================================
-- 17. ASIGNACIÓN DE ROL ADMIN AL USUARIO
-- =====================================================

PRINT '>> Asignando rol ADMIN al usuario...';
IF NOT EXISTS (SELECT 1 FROM seg.usuarios_roles WHERE usuario_id = 2 AND rol_id = 8)
BEGIN
    INSERT INTO seg.usuarios_roles (usuario_id, rol_id)
    VALUES (1, 1); -- usuario_id=1 (Admin), rol_id=1 (ADMIN)
    PRINT '✓ Rol SISTEMAS asignado al usuario';
END
ELSE
    PRINT '⚠ Rol ya asignado';
GO

PRINT '>> Asignando rol Sistemas al usuario...';
IF NOT EXISTS (SELECT 1 FROM seg.usuarios_roles WHERE usuario_id = 2 AND rol_id = 8)
BEGIN
    INSERT INTO seg.usuarios_roles (usuario_id, rol_id)
    VALUES (2, 8); -- usuario_id=1 (Sistemas), rol_id=1 (ADMIN)
    PRINT '✓ Rol Sistemas asignado al usuario';
END
ELSE
    PRINT '⚠ Rol ya asignado';
GO

-- =====================================================
-- CASOS DE LLAMADA
-- =====================================================
PRINT '>> Insertando Casos de Llamada...';

IF NOT EXISTS (SELECT 1 FROM comercial.casos_llamada WHERE nombre = 'No contestó')
BEGIN
    INSERT INTO comercial.casos_llamada (nombre, contestado, created_at)
    VALUES 
        ('No contestó', 0, GETDATE()),
        ('Ocupado', 0, GETDATE()),
        ('Número equivocado', 0, GETDATE()),
        ('Buzón de voz', 0, GETDATE()),
        ('Contestó - Interesado', 1, GETDATE()),
        ('Contestó - No interesado', 1, GETDATE()),
        ('Contestó - Volver a llamar', 1, GETDATE()),
        ('Contestó - Solicita cotización', 1, GETDATE()),
        ('Contestó - Ya tiene proveedor', 1, GETDATE());
    PRINT '✓ Casos de Llamada insertados';
END
ELSE
    PRINT '⚠ Casos de Llamada ya existen';
GO

PRINT '';
PRINT '=====================================================';
PRINT '✓ SEEDS COMPLETADOS';
PRINT '=====================================================';
PRINT 'Resumen:';
PRINT '  - 10 Navieras';
PRINT '  - 11 Incoterms';
PRINT '  - 11 Tipos de Contenedor';
PRINT '  - 5 Vías de Transporte';
PRINT '  - 8 Tipos de Mercadería';
PRINT '  - 12 Servicios';
PRINT '  - 8 Roles';
PRINT '  - 21 Permisos';
PRINT '=====================================================';
GO
